way_id,highway,name,ref,lanes,maxspeed,oneway,bridge,tunnel,length_m
37971056,unclassified,광교산로,,,,,,,1699.01
37971212,tertiary,바라산로,,,,,,,300.43
37971222,secondary,의일로,,6,,,,,552.56
40790862,residential,수인로598번길,,,,,,,686.64
40839116,residential,부곡시장길,,,,,,,105.38
41888498,tertiary,청계로,,,,,,,518.32
42120511,residential,,,,,,,,296.89
42120523,tertiary,모락로,,8,,,,,83.07
48391383,motorway,수도권제1순환고속도로,100,4,100,yes,yes,,115.83
51066011,motorway,영동고속도로,50,4,100,yes,yes,,98.18
51066012,motorway,영동고속도로,50,3,100,yes,yes,,99.06
51066039,motorway,영동고속도로,50,3,100,yes,yes,,425.82
51066040,motorway,영동고속도로,50,3,100,yes,yes,,435.15
51066041,motorway,영동고속도로,50,3,100,yes,,,455.36
51066042,motorway,영동고속도로,50,3,100,yes,,,459.36
51066043,motorway,영동고속도로,50,3,100,yes,,,50.79
51066044,motorway,영동고속도로,50,3,100,yes,yes,,61.62
51066045,motorway,영동고속도로,50,3,100,yes,,,46.0
51066046,motorway,영동고속도로,50,3,100,yes,yes,,57.67
51066054,motorway,영동고속도로,50,3,80,yes,yes,,87.0
51066055,motorway,영동고속도로,50,3,100,yes,yes,,89.38
51066056,motorway,영동고속도로,50,3,80,yes,,,177.5
51066057,motorway,영동고속도로,50,3,100,yes,,,177.76
51066581,tertiary,덕영대로,,,,yes,,,707.42
51066582,motorway_link,,,,,yes,,,620.24
51066586,motorway_link,,,,,yes,,,321.91
51066587,secondary,덕영대로,,,,yes,yes,,29.41
51066588,motorway_link,,,,,yes,,,430.99
51066589,motorway_link,,,,,yes,,,280.7
51066820,motorway_link,,,,,yes,,,374.66
51066895,motorway_link,,,,,yes,,,485.88
51066898,motorway_link,,,,,yes,,,1007.35
51066899,motorway_link,,,,,yes,,,158.27
51066900,motorway_link,,,,,yes,yes,,74.52
51066901,motorway_link,,,,,yes,,,441.14
51066902,motorway_link,,,,,yes,yes,,73.56
51067523,trunk,봉담과천로,309,,,yes,,yes,641.83
51068017,trunk,봉담과천로,309,,90,yes,,yes,394.78
51068018,trunk,봉담과천로,309,,90,yes,,yes,345.35
58778377,trunk,봉담과천로,309,,90,yes,,,373.78
58794095,motorway,수도권제1순환고속도로,100,4,100,yes,yes,,2312.65
58800548,trunk,봉담과천로,309,,90,yes,,,1242.88
58800549,trunk,봉담과천로,309,,90,yes,yes,,243.18
58800551,trunk,봉담과천로,309,,90,yes,yes,,242.24
58800563,trunk,봉담과천로,309,,90,yes,yes,,228.14
58800581,trunk,봉담과천로,309,,90,yes,yes,,229.61
58800586,trunk,봉담과천로,309,,90,yes,,,1705.63
58800589,trunk_link,,,,,yes,,,404.8
58800590,trunk_link,,,,,yes,,,331.93
58800591,trunk_link,,,,,yes,,,571.59
58858217,motorway_link,,,,,yes,yes,,281.21
58858218,motorway_link,,,,,yes,yes,,126.46
58858220,trunk,봉담과천로,,,,yes,yes,,328.06
58858221,motorway_link,,,,,yes,,,262.1
58858222,motorway_link,,,,,yes,yes,,571.18
58858223,motorway_link,,,,,yes,,,172.42
58858224,motorway_link,,,,,yes,,,97.35
58858225,motorway_link,,,,,yes,yes,,309.3
58858226,motorway_link,,,,,yes,yes,,347.12
58858227,motorway_link,,,,,yes,,,78.85
58858228,motorway_link,,,,,yes,yes,,111.78
58858229,motorway_link,,,,,yes,,,135.26
58858230,motorway_link,,,,,yes,,,194.86
58858231,motorway_link,,,,,yes,yes,,594.8
58858232,motorway_link,,,,,yes,,,231.01
58858233,trunk,봉담과천로,,,,yes,,,211.84
58858234,motorway_link,,,,,yes,,,175.77
58858235,motorway_link,,,,,yes,yes,,600.74
58858236,motorway_link,,,,,yes,,,344.19
58858237,trunk,봉담과천로,309,,90,yes,yes,,299.72
58858238,trunk,봉담과천로,309,,90,yes,,,986.44
58858239,motorway_link,,,,50,yes,yes,,281.26
58858242,motorway,수도권제1순환고속도로,100,4,100,yes,,,1848.47
58858243,trunk,봉담과천로,309,,90,yes,,,199.95
58858245,trunk,봉담과천로,309,,90,yes,yes,,248.67
58858247,trunk,봉담과천로,309,,90,yes,,,180.64
58858248,trunk,봉담과천로,309,,90,yes,,,191.74
58858249,trunk,봉담과천로,309,,90,yes,yes,,299.02
58858251,motorway,수도권제1순환고속도로,100,5,100,yes,yes,,229.54
58858252,motorway,수도권제1순환고속도로,100,4,100,yes,,,1198.53
58858254,motorway,수도권제1순환고속도로,100,4,100,yes,yes,,579.0
58858255,motorway,수도권제1순환고속도로,100,5,100,yes,yes,,236.19
58858256,trunk,봉담과천로,309,,90,yes,yes,,247.87
58858257,motorway,수도권제1순환고속도로,100,4,100,yes,yes,,2326.51
58858258,motorway,수도권제1순환고속도로,100,4,100,yes,,,1199.98
58858259,motorway,수도권제1순환고속도로,100,4,100,yes,yes,,362.3
58858260,motorway,수도권제1순환고속도로,100,4,100,yes,yes,,123.25
58858261,trunk,봉담과천로,309,,90,yes,,,422.92
58858263,trunk_link,,,,,yes,yes,,190.65
58858267,trunk_link,,,,,yes,,,273.65
58858268,trunk_link,,,,,yes,yes,,128.98
58858269,trunk_link,,,,,yes,yes,,215.39
58858270,trunk_link,,,,,yes,,,179.06
58858271,trunk_link,,,,,yes,,,113.18
58858272,trunk,봉담과천로,309,,90,yes,yes,,503.52
58858273,trunk_link,,,,,yes,,,194.84
58858274,trunk_link,,,,,yes,,,115.97
58858275,trunk_link,,,,,yes,,,190.94
58858291,trunk_link,,,,,yes,,,391.09
58858335,trunk,봉담과천로,309,,90,yes,,,15.2
58858338,trunk,봉담과천로,309,,90,yes,yes,,506.92
58858348,trunk,봉담과천로,309,,90,yes,,,1247.31
58858349,trunk_link,,,,,yes,yes,,194.53
58858350,trunk_link,,,,,yes,,,172.22
58858351,trunk_link,,,,,yes,yes,,191.32
58858352,trunk_link,,,,,yes,,,866.53
58858354,trunk_link,,,,,yes,,,731.04
58858356,trunk_link,,,,,yes,,,534.66
58858357,trunk,봉담과천로,309,,90,yes,yes,,50.72
58858358,trunk,봉담과천로,309,,90,yes,,,551.05
58858359,trunk,봉담과천로,309,,90,yes,yes,,49.94
58858360,trunk_link,,,,,,,,67.25
58858361,tertiary_link,,,,,yes,,,64.56
58858362,tertiary_link,,,,,yes,,,71.79
58858363,trunk_link,,,,,yes,,,165.06
58858387,trunk_link,,,,,yes,,,894.74
59054368,trunk,봉담과천로,309,,,yes,,yes,670.83
59054369,trunk,봉담과천로,309,,90,yes,,,573.93
59054372,trunk,봉담과천로,309,,90,yes,,,122.37
59054373,trunk,봉담과천로,309,,90,yes,,,428.82
59055742,motorway,수도권제1순환고속도로,100,4,100,yes,,yes,533.84
59055750,motorway,수도권제1순환고속도로,100,4,100,yes,,,1949.11
59055756,motorway,수도권제1순환고속도로,100,4,100,yes,,yes,442.37
60819382,cycleway,안양천 자전거길,,,,,,,1261.92
60819383,footway,습지데크,,,,,yes,,130.79
60819385,service,,,,,,,,40.66
60819386,service,,,,,,,,51.49
60819391,footway,,,,,,,,279.19
60819392,footway,,,,,,,,9.47
60819394,tertiary,왕송못서길,,,,,,,2083.02
60819396,tertiary,초평로,,,,,,,53.19
60819402,tertiary,왕송못동로,,,,yes,,,70.2
62345313,unclassified,,,,,,,,236.48
62345338,residential,산본로48번길,,,,,,,472.46
62345344,residential,산본로77번길,,,,,,,310.47
62345430,tertiary,고산로,,,,no,,,258.05
66425659,tertiary,하오개로,,,,no,,,1489.73
70812139,residential,골우물길,,,,,,,263.2
70850923,trunk_link,,,,,no,,,25.98
70850952,tertiary,,,,,yes,,,789.88
70850984,trunk_link,,,,,yes,,,597.82
82586459,tertiary,흥안대로456번길,,,,,,,725.74
82626307,tertiary,내손순환로,,,,,,,535.98
82626308,living_street,내손중앙3길,,,,,,,77.11
82626317,residential,내손공원길,,,,,,,343.97
82626318,tertiary,학의로,,,,no,,,1642.74
82626319,residential,,,,,,,,188.61
82626320,tertiary,내손로,,,,,,,810.48
82626323,residential,,,,,,,,42.6
82626326,residential,흥안대로414번길,,,,,,,350.82
82626341,living_street,내손중앙1길,,,,,,,139.12
82626353,residential,민백길,,,,,,,263.3
82626377,tertiary,복지로,,,,,,,697.5
82626390,living_street,내손중앙7길,,,,,,,340.76
82626400,living_street,내손중앙5길,,,,,,,91.37
82905030,residential,갈미3로,,,,,,,452.6
82905050,pedestrian,,,,,,,,527.61
82905067,pedestrian,,,,,,,,103.79
84968735,tertiary,백운로,,2,30,,,,565.13
86157949,motorway_link,,,,,yes,yes,,503.12
86157950,motorway_link,,,,,yes,yes,,523.04
143932020,path,,,,,,,,4977.21
155788483,residential,부곡중앙남2길,,,,,,,152.45
155788487,residential,부곡중학길,,,,,,,151.35
155788489,service,,,,,,,,116.62
155788490,residential,,,,,,,,33.9
155788494,residential,부곡중학길,,,,,,,402.85
155788495,residential,중앙샛길,,,,,,,472.79
155788497,residential,솔밭길,,,,,,,172.9
155788498,service,부곡중앙로,,,,,,,69.04
155788499,residential,부곡중앙남4길,,,,,,,209.27
155788500,residential,부곡중앙로,,,,,,,91.04
155788501,residential,,,,,,,,91.34
155788502,residential,,,,,,,,115.62
155788504,residential,부곡시장2길,,,,,,,171.06
155788505,residential,부곡중앙북9길,,,,,,,69.23
155788506,residential,까치골길,,,,,,,141.54
155788507,residential,부곡중학북로,,,,,,,354.04
155788509,residential,부곡시장5길,,,,,,,152.36
155788510,residential,부곡중앙북3길,,,,,,,121.98
155788511,residential,부곡초등1길,,,,,,,169.19
155788512,residential,부곡복지관길,,,,,,,115.21
155788514,residential,부곡시장3길,,,,,,,172.63
155788517,residential,부곡중앙남6길,,,,,,,331.54
155788518,residential,부곡복지관길,,,,,,,100.06
155788519,tertiary,부곡초등3길,,2,,,,,73.45
155790349,service,,,,,,,,535.96
155790350,residential,까치골1길,,,,,,,57.07
155790351,residential,부곡초등2길,,,,,,,165.64
155790357,residential,부곡초등1길,,,,,,,155.96
155790358,residential,까치골길,,,,,,,88.01
155790359,residential,부곡초등2길,,,,,,,52.83
155790360,tertiary,부곡초등길,,2,,,,,261.53
155790361,residential,부곡시장1길,,,,,,,40.83
155790362,residential,부곡중앙남7길,,,,,,,143.05
155790363,residential,부곡중앙남1길,,,,,,,86.57
155790364,residential,철도박물관로,,,,,,,47.88
155793705,service,,,,,,,,105.37
155793707,service,,,,,,,,243.51
155793708,service,,,,,,,,153.1
155793709,service,,,,,,,,274.3
155793710,service,,,,,,,,312.11
155799187,residential,,,,,,,,419.74
155799190,tertiary_link,,,,,yes,,,64.95
155799198,tertiary,가나무로,,,,no,,,1104.36
155799202,residential,교동길,,,,,,,293.44
155799206,tertiary,창말로,,,,,,,493.3
155799207,tertiary_link,가나무로,,,,yes,,,119.7
155799212,residential,,,,,,,,247.52
155799214,tertiary_link,,,,,yes,,,106.62
155799216,residential,징계골길,,,,,,,1796.81
155809498,residential,부곡중앙북9길,,,,,,,229.05
155809502,residential,부곡중앙로,,,,,,,84.93
155809505,residential,부곡중앙남3길,,,,,,,167.18
155809507,residential,부곡중앙남1길,,,,,,,121.89
155809508,residential,부곡시장3길,,,,,,,73.88
155809516,residential,장승길,,,,,,,83.03
155809522,living_street,,,,,,,,240.04
155809523,residential,부곡중앙북2길,,,,,,,118.59
155809527,residential,부곡중앙북1길,,,,,,,65.62
155809534,service,,,,,,,,73.44
155809537,residential,부곡시장4길,,,,,,,187.46
155809539,living_street,,,,,yes,,,115.76
156194088,service,,,,,,,,54.15
156200257,living_street,,,,,,,,273.46
156200267,tertiary,부곡중앙로,,2,,,,,123.42
156200276,residential,,,,,,,,199.05
156206627,tertiary_link,,,,,yes,,,139.62
156208505,tertiary,고산로211번길,,,,no,,,822.03
156301135,primary,고천지하차도,1,,,yes,,yes,152.74
156303133,primary,경수대로,1,,70,yes,,,268.53
156318649,tertiary,왕곡로,,,,,,,626.06
156318651,tertiary,오전로,,,,,,,1078.82
156318661,residential,오전공업길,,,,,,,294.51
156318662,unclassified,,,,,,yes,,39.0
156318686,unclassified,고천공업로,Gocheongongeop-ro,,,no,,,340.04
156329858,residential,갈미2로,,,,,,,580.19
156329875,living_street,내손중앙2길,,,,,,,109.46
156331315,residential,평의길,,,,,,,769.63
156599631,residential,,,,,,,,116.89
156599634,residential,,,,,,,,215.55
156599638,residential,오리나무3길,,,,,,,114.34
156599639,residential,오리나무2길,,,,,,,279.63
156599643,residential,,,,,,,,56.0
156599649,residential,오리나무1길,,,,,,,303.99
156599656,residential,,,,,,,,179.18
156599665,residential,,,,,,,,238.88
156791012,footway,,,,,,,yes,61.78
156791013,residential,부곡중학길,,,,,,yes,38.27
156791014,residential,부곡중학길,,,,,,,46.3
156791015,service,,,,,,,,138.84
156815560,residential,호성로,,,,,,,134.7
156815563,residential,,,,,,,,114.12
156815564,residential,모락로,,,,,,,154.27
160553240,residential,등칙골3길,,,,,,,182.65
160553241,living_street,,,,,,,,140.15
160553243,residential,,,,,,,,371.92
160553246,residential,보식골로,,,,,,,429.77
160553247,living_street,,,2,,,,,417.21
160553248,residential,,,,,,,,22.35
160553249,residential,,,,,,,,77.82
160553250,living_street,,,,,,,,10.43
160553251,residential,,,,,,,,60.73
160553252,living_street,,,,,,,,17.17
160553253,residential,,,,,,,,96.98
160553254,living_street,,,,,,,,37.43
160553255,residential,,,,,,,,25.09
160553256,living_street,,,,,,,,19.08
160553258,living_street,,,,,,,,18.37
160553260,residential,,,,,,,,85.15
160553261,residential,,,,,,,,6.93
160553262,living_street,,,,,,,,74.25
160553263,service,,,,,,,,25.72
160553264,living_street,,,,,,,,12.4
160553266,residential,등칙골4길,,,,,,,141.97
160553267,living_street,,,,,,,,30.19
160553268,residential,등칙골1길,,,,,,,207.3
160553269,service,,,,,,,,86.1
160553270,service,,,,,,,,36.42
160553271,service,,,,,,,,57.93
160553272,residential,,,,,,,,91.02
160553273,service,,,,,,,,122.29
160553275,residential,등칙골길,,,,,,,330.46
160553276,service,,,,,,,,49.31
160553277,living_street,,,,,,,,35.91
160553278,living_street,,,,,,,,71.51
160553279,residential,찬우물길,,,,,,,340.2
160553280,service,,,,,,,,69.11
160553281,residential,찬우물4길,,,,,,,180.86
160553282,residential,현충탑길,,,,,,,449.77
160553283,residential,왕곡로,,,,,,,294.39
160553284,residential,등칙골1길,,,,,,,318.93
160553285,residential,찬우물3길,,,,,,,253.28
160553286,residential,오전동길,,,,,,,319.4
160553287,residential,맑은내1길,,,,,,,959.99
160553288,residential,맑은내길,,,,,,,956.46
160553289,residential,모락터널,,,,,,yes,55.37
160553290,residential,위인로,,,,,,,665.88
160553291,residential,효행로,,,,,,,643.68
165477494,primary,흥안대로,47,,,yes,,,167.93
167981116,residential,가구단지길,,,,,,,290.13
167981117,residential,모락로,,,,,,,54.95
167981118,residential,포도원로,,,,,,,398.39
167982107,tertiary,시청로,,,,,,,912.03
181382255,path,한남정맥,,,,,,,751.66
181392294,path,,,,,,,,2274.75
181392295,steps,한남정맥,,,,,,,62.78
181530810,path,한남정맥,,,,,,,1408.18
184689559,path,한남정맥,,,,,,,1518.82
187927688,tertiary,오봉로,,,,,,,808.17
187927697,tertiary,,,,,,yes,,170.49
187927705,tertiary,고천3교,,,,,yes,,25.76
187927711,tertiary,오봉로,,,,,,,29.77
187927789,trunk,봉담과천로,309,,90,yes,,,551.03
187993049,trunk,봉담과천로,309,,90,yes,,,963.99
187993052,trunk,봉담과천로,309,,90,yes,yes,,15.46
187993053,trunk,봉담과천로,309,,90,yes,yes,,16.13
187993065,trunk,봉담과천로,309,,90,yes,,,432.5
187993164,trunk_link,,,,,yes,,,577.04
187993166,motorway_link,,,,,yes,,,498.25
254348380,footway,,,,,,,,144.42
254348381,footway,,,,,,,,69.09
254348383,footway,,,,,,,,56.99
254348385,footway,,,,,,,,50.15
254348387,footway,,,,,,,,109.52
280524701,tertiary,의왕군포로,Uiwanggunpo-ro,,,,,,80.66
280678694,residential,옻우물길,,,,,,,534.14
285183173,residential,,,,,,,,201.1
285183328,tertiary,성고개로,,,,,,,125.35
285240583,tertiary,하오개로,57,,,yes,,,213.81
285405920,tertiary,학의로,,,,,,,52.57
285405921,tertiary_link,,,,,yes,yes,,27.18
285405922,primary,안양판교로,57,,,yes,,,1016.28
285405924,tertiary,하오개로,57,,,yes,,,390.61
285405927,primary,안양판교로,57,4,,no,,,679.7
285405930,residential,,,,,yes,,,41.77
285405931,residential,,,,,yes,,,34.74
285405932,residential,,,,,,,,171.36
285405933,residential,,,,,,,yes,35.28
285405934,residential,,,,,,,,178.11
285405935,residential,한직골남로,,,,,,,259.41
285405937,tertiary,학현로,,,,,,,44.3
302044610,cycleway,,,,,,yes,,67.15
304468275,cycleway,,,,,,,,44.53
318705790,primary,흥안대로,,,,yes,,,346.64
332994967,path,,,,,,,,2729.18
353268606,trunk,봉담과천로,309,,90,yes,,,1697.76
361922207,tertiary,갈미안로,,,,,,,230.52
361922208,tertiary,계원대학로,,4,50,yes,,,148.92
373612755,motorway,수원문산고속도로,17,2,100,yes,,,1749.93
373612757,motorway,수원문산고속도로,17,2,100,yes,,yes,961.44
373612758,motorway,수원문산고속도로,17,2,100,yes,,yes,941.62
377626709,residential,옻우물교,,,,,yes,,49.27
377626710,residential,오전공업길,,,,,,,258.53
377720051,tertiary,덕영대로,,,,yes,,,550.37
377804719,unclassified,고천공업로,Gocheongongeop-ro,,,,,,221.98
377854668,residential,오봉산길,,,,,,,267.89
377854669,unclassified,고산로105번길,,,,,,,403.43
377985950,unclassified,벌새전리길,,,,,,,442.11
377985952,residential,맑은내길,,,,,,,436.97
378127613,unclassified,이당로,,,,,,,161.99
378303660,cycleway,안양천 자전거길,,,,,,,3906.61
378314605,residential,,,,,,,,354.2
378314611,residential,사천1길,,,,,,,189.87
378314612,residential,,,,,,,,97.89
378314613,residential,사천2길,,,,,,,317.93
378314615,residential,,,,,,,,167.64
378314622,residential,사근행궁길,,,,,,,106.74
378314623,residential,사그내길,,,,,,,407.13
378314624,residential,사그내1길,,,,,,,292.66
378314625,residential,사그내2길,,,,,,,178.27
378314626,residential,사그내3길,,,,,,,101.53
378314627,residential,사그내4길,,,,,,,432.37
378314628,residential,,,,,,,,22.62
378314629,residential,,,,,,,,81.12
378314630,residential,,,,,,,,73.02
378314631,residential,,,,,,,,45.21
378314633,residential,고천길,,,,,,,247.41
378314634,service,,,,,,,,97.24
378314636,living_street,,,,,,,,75.72
378314637,living_street,,,,,,,,74.6
378314638,living_street,,,,,,,,92.9
378314639,living_street,,,,,,,,91.37
378314640,living_street,,,,,,,,69.82
378314641,living_street,,,,,,,,55.08
378314642,residential,당뿌리로,,,,,,,193.64
378314643,living_street,,,,,,,,74.05
378314644,living_street,,,,,,,,50.17
378314648,residential,전주남이4길,,,,no,,,162.1
378314649,residential,전주남이길,,,,,,,549.42
378314650,residential,모란길,,,,no,,,668.52
378665821,service,,,,,,,,256.68
378665826,service,,,,,,,,164.62
378665843,trunk_link,,,,,yes,,,483.37
378665854,service,,,,,,,,47.65
378665856,residential,전주남이1길,,,,,,,127.82
378665859,living_street,,,,,,,,152.96
378665861,residential,전주남이2길,,,,,,,292.77
378665866,service,,,,,,,,25.54
378665868,service,,,,,,,,36.45
378665869,service,,,,,,,,32.59
378665871,living_street,전주남이3길,,,,,,,131.22
378665873,residential,,,,,,,,263.6
378665875,residential,,,,,,,,35.19
378665879,residential,등칙골2길,,,,,,,138.55
378665883,living_street,,,,,,,,92.55
378665884,living_street,,,,,,,,76.22
378665886,residential,등칙골5길,,,,,,,246.52
378665893,residential,찬우물1길,,,,,,,279.78
378665895,living_street,,,,,,,,69.53
378665896,living_street,,,,,,,,43.28
378665898,living_street,,,,,,,,42.13
378665900,residential,찬우물2길,,,,,,,168.29
378665902,living_street,,,,,,,,45.13
378665907,residential,,,,,,,,141.38
378665909,footway,,,,,,,,40.94
378665964,tertiary,어내들로,,,,,,,341.4
378848033,residential,안골다리길,,,,,,,113.32
378848037,residential,청백리로,,,,,,,219.09
378848038,residential,,,,,,yes,,29.3
378848039,residential,청백리로,,,,,,,54.49
378848041,residential,골우물길,,,,,,,297.18
378848042,service,,,,,,,,98.35
378848043,service,,,,,,,,91.68
378848044,service,,,,,,,,89.67
378848045,residential,문화공원로,,,,,,,301.43
378848049,tertiary,,,,,no,yes,,35.52
378848058,residential,,,,,,,,91.95
379044918,tertiary,복지로,,,,no,,,957.68
379044919,tertiary,갈미로,,,,,,,668.5
379044921,residential,갈미1로,,,,,,,370.16
379072975,tertiary,계원대학로,,,,,,,61.84
379072976,tertiary,문화예술로,,,,,,,48.55
379072981,pedestrian,,,,,,,,656.85
379072982,pedestrian,,,,,,yes,,28.68
379072985,residential,손골길,,,,,,,377.23
379072986,residential,,,,,yes,,,41.17
379072988,tertiary,문화예술로,,,50,,,,674.2
379072989,residential,능안길,,,,,,,659.1
379072990,pedestrian,,,,,,,,285.9
379072991,residential,,,,,,,,13.26
379072992,service,,,,,,,,125.46
379072996,tertiary,포일로,,5,,,,,64.86
379072997,tertiary,,,5,,,yes,,84.28
379072998,residential,백운초등길,,,,,,,163.23
379073000,residential,,,,,,,,323.14
379073002,residential,민백1길,,,,,,,146.99
379073003,residential,민백2길,,,,,,,164.25
379073004,residential,흥안대로362번길,,,,,,,273.04
379073006,residential,흥안대로362번길,,,,,,,59.41
379073008,residential,흥안대로,,,,,,,106.47
379073015,tertiary,내손중앙로,,,,,,,339.16
379073018,residential,,,,,,,,79.54
379073019,residential,,,,,,,,119.26
379077646,residential,약수터길,,,,,,,271.16
379077647,residential,내손공원1길,,,,,,,164.88
379077648,residential,내손공원2길,,,,,,,136.62
379077650,service,,,,,,,,160.82
379077652,residential,정우길,,,,,,,297.71
379077653,living_street,정우1길,,,,,,,284.57
379077654,living_street,정우2길,,,,,,,241.59
379077655,residential,정우4길,,,,,,,160.5
379077656,living_street,정우3길,,,,,,,179.16
379077657,residential,,,,,,,,56.11
379077682,residential,,,,,,,,142.14
379077689,residential,흥안대로434번길,,,,,,,596.19
379077690,residential,새롬길,,,,,,,323.59
379077696,pedestrian,,,,,,,,184.16
381695283,tertiary,포일세거리로,,,,,,,671.77
381695284,tertiary,이미로,,,,,,,551.41
381695285,residential,봇들로,,,,,,,420.86
381695286,residential,봇들1로,,,,,,,211.98
381695287,residential,봇들2길,,,,,,,376.02
381695288,residential,,,,,,,,97.93
381695289,residential,봇들3길,,,,,,,186.84
381695290,residential,봇들4길,,,,,,,110.33
381695292,residential,봇들4길,,,,,,,63.87
381700249,residential,한직골서길,,,,,,,263.1
381700250,tertiary,덕장로,,,,,,,1000.7
381700251,residential,청계3로,,,,,,,190.43
381700252,living_street,,,,,,,,139.16
381700253,residential,청계1로,,,,,,,155.73
381700254,residential,,,,,,yes,,23.47
381700255,residential,청계1로,,,,,,,143.65
381700256,residential,한직골길,,,,,,,256.27
381700257,living_street,,,,,,,,151.49
381700258,living_street,양지편1로,,,,,,,430.14
381700259,residential,양지편1로,,,,,,,131.16
381700260,living_street,양지편1로,,,,,,,96.91
381700261,living_street,양지편1로,,,,,,,88.87
381700262,residential,양지편2로,,,,,,,210.32
381700263,residential,새터길,,,,,,,772.0
381700266,residential,양지편로,,,,,,,468.29
381700267,residential,,,,,,,,325.52
381707828,service,,,,,,,,340.46
382443747,tertiary,왕곡로,,,,,,,116.27
391671348,tertiary,포일세거리로,,,,,,,437.41
391671349,tertiary,성고개로,,,,yes,,,476.26
392125733,trunk_link,,,,,yes,,,245.88
392125734,trunk_link,,,,40,yes,,,542.9
392125735,trunk_link,,,,,yes,yes,,38.44
392125736,trunk,봉담과천로,,,,yes,,,337.79
392125737,trunk_link,,,,,yes,,yes,73.98
392125738,trunk_link,,,,,yes,,,103.04
392125740,trunk_link,,,,,yes,,,159.5
392125741,trunk_link,,,,,yes,,,219.98
393913112,tertiary,내손중앙로,,,,,,,308.61
393913113,tertiary,내손순환로,,,,,,,604.35
393913114,tertiary,내손순환로,,,,,,,361.99
396671499,trunk,봉담과천로,309,,90,yes,yes,,76.58
396671500,trunk,봉담과천로,309,,90,yes,yes,,76.89
396671501,trunk,봉담과천로,309,,90,yes,,,212.1
396671502,trunk,봉담과천로,309,,90,yes,,,518.37
402759112,primary,안양판교로,,,,yes,yes,,76.41
402759115,primary,안양판교로,57,4,,yes,yes,,154.27
402759119,primary,안양판교로,57,,,yes,,,1464.39
402759120,primary,안양판교로,57,4,,yes,,,512.16
403116023,tertiary,백운호수삼거리지하차도,,,,yes,,yes,94.19
403116024,tertiary,문화예술로,,,,yes,,,15.83
403953816,trunk,봉담과천로,309,,90,yes,yes,,74.7
403953819,trunk,봉담과천로,309,,90,yes,yes,,76.0
403953822,trunk,봉담과천로,309,,90,yes,,,238.26
403953823,trunk,봉담과천로,309,,90,yes,,,276.49
406851692,motorway,수도권제1순환고속도로,100,4,100,yes,yes,,323.39
406851693,motorway,수도권제1순환고속도로,100,4,100,yes,yes,,321.25
406851694,motorway,수도권제1순환고속도로,100,4,100,yes,,,352.41
406851695,motorway,수도권제1순환고속도로,100,4,100,yes,,,636.62
406851699,tertiary,학현로,,,,,,,157.76
406851706,tertiary,학현로,,,,,,,53.47
406854567,tertiary,하오개로,57,,,yes,,,107.67
406854568,tertiary,하오개로,57,,,yes,,yes,89.46
413458748,residential,교동길,,,,,,,301.73
413458749,residential,교동길,,,,,,yes,24.87
418064356,primary,경수대로,1,,,yes,,,376.55
418064358,primary,경수대로,1,,,yes,yes,,17.28
418064359,primary,경수대로,1,,,yes,yes,,16.63
418064360,primary,경수대로,1,,,yes,,,171.12
418064370,cycleway,,,,,,,,189.81
418064371,cycleway,,,,,,,yes,17.48
418064372,primary,경수대로,1,,60,yes,,,878.35
418064376,trunk_link,,,,,yes,yes,,129.27
418064384,trunk_link,,,,,yes,yes,,177.64
418064386,trunk_link,,,,,yes,,,94.36
418064387,trunk_link,,,,,yes,,,146.0
418064388,trunk_link,,,,,yes,,,97.45
418064391,trunk_link,,,,,yes,,,161.19
418064392,primary,고천지하차도,1,,,yes,,,90.69
418064394,primary,고천지하차도,1,,,yes,,,94.39
424598620,track,,,,,,,,1427.55
424598625,track,매실길,,,,,,,3476.93
424598626,unclassified,입북로59번길,,,,,,,669.09
427366595,service,,,,,no,,,246.56
427366596,track,,,,,,,,174.38
427366597,unclassified,,,,,,,,5.07
427366598,unclassified,,,,,,yes,,25.97
427366599,unclassified,,,,,,,,19.56
427366600,residential,,,,,,,,1062.17
427366601,unclassified,뒷골길,,,,,,,1033.82
427367139,unclassified,,,,,,,,525.45
427367140,unclassified,,,,,yes,yes,,12.16
427367141,service,,,,,no,,,55.14
427669583,unclassified,,,,,,,yes,55.18
427669585,unclassified,,,,,,,,238.63
433199301,tertiary,성고개로,,4,,,,,389.59
433199302,tertiary,성고개로,,4,,,,,500.12
452597712,residential,한백이길,,,,,,,205.42
452597714,residential,부곡중앙로,,,,,,,67.82
452597715,residential,부곡중앙로,,,,,,,67.37
452597717,residential,부곡중앙로,,,,,,,66.9
452597718,tertiary,부곡중앙로,,4,,,,,28.8
452597719,residential,월암길,,,,,,,932.52
452597720,tertiary,왕소나무길,,,,,,,206.62
452600813,residential,큰벌고개길,,,,,,,272.14
452600814,residential,월암새터마을길,,,,,,,43.08
452600815,unclassified,,,,,,,,532.22
452600817,residential,부곡공원길,,,,,,,204.3
452600818,residential,부곡중앙남5길,,,,,,,240.81
452600819,service,,,,,,,,126.86
452606474,tertiary_link,,,,,yes,,,91.85
452646573,tertiary,초평로,,,,,,,544.41
452646577,residential,,,,,,,,430.09
452646579,residential,윗새우대길,,,,,,,1103.15
452646584,residential,윗새우대북길,,,,,,,389.25
452646586,residential,송마루길,,,,,,,269.94
452646588,residential,천왕골길,,,,,,,412.8
452646591,residential,,,,,,,,133.34
452646593,residential,,,,,,,,131.46
452646595,residential,중간새우대길,,,,,,,370.27
452646597,residential,,,,,,,,238.55
452646599,residential,아랫새우대길,,,,,,,774.14
452646632,residential,잿말길,,,,,,,600.25
452646636,residential,,,,,,,yes,26.8
452646638,residential,,,,,,,,38.98
452646640,residential,,,,,,,yes,42.72
452646658,residential,,,,,,,,5.67
452646660,service,,,,,,,,117.54
452646665,tertiary,왕송못동로,,,,,,,719.48
452646668,tertiary,왕송못동로,,,,,,,117.17
452646673,pedestrian,왕송못동로,,,,,,,609.16
452646676,residential,왕송못동로,,,,,,,440.9
452646679,footway,,,,,,,,49.09
452646681,footway,,,,,,,,35.43
452646683,residential,골잿말길,,,,,,,214.02
452646685,unclassified,,,,,,,,146.21
452646687,footway,,,,,,,,189.35
452646689,service,,,,,yes,,,38.68
452646694,residential,솔밭길,,,,,,,114.18
452646696,residential,,,,,,,,116.05
452646698,residential,부곡복지관길,,,,,,,200.5
453505488,service,,,,,,,,358.31
453505504,residential,,,,,,,,173.23
453505505,residential,,,,,,,,110.29
453505506,residential,,,,,,,,87.81
458013296,tertiary,철도박물관로,,,,no,,,187.02
458819066,unclassified,,,,,,,,132.99
458823666,tertiary,왕송못동로,,,,,yes,,74.17
458823667,tertiary,왕송못동로,,,,,,,94.6
460120819,residential,괴말길,,,,,,yes,131.42
460120821,motorway_link,,,,,yes,,,631.86
460120823,footway,,,,,,,,72.62
460120824,footway,,,,,,,,78.23
460120825,footway,,,,,,,,39.35
461776049,residential,부곡시장길,,,,yes,,,210.07
461776051,residential,부곡시장길,,,,,,,200.43
462907008,tertiary,철도박물관로,,2,,yes,,,46.39
462907009,service,솔밭1길,,,,,,,143.77
462907010,service,솔밭길,,,,,,,61.37
462907011,service,부곡초등3길,,,,,,,88.02
468211804,motorway_link,,,,,yes,,,805.28
468211809,motorway_link,,,,,yes,,,918.53
468222366,residential,,,,,,,,73.13
469290888,service,,,,,,,,90.03
469290891,service,,,,,,,,58.77
469290893,service,,,,,,,,58.88
469290895,service,,,,,,,,66.41
469290897,service,,,,,,,,79.86
469290899,service,,,,,,,,79.87
469290902,service,,,,,,,,42.41
469290904,service,,,,,,,,154.35
469290906,service,,,,,,,,143.85
469290908,service,,,,,,,,105.62
469290910,service,,,,,,,,82.94
469290912,service,,,,,,,,71.52
470203417,tertiary,왕송못동로,,,,yes,,,45.36
470203418,tertiary,왕송못동로,,,,,,,328.67
470203419,tertiary,왕송못동로,,,,yes,,,40.97
470203420,tertiary,,,,,yes,yes,,447.68
470203421,tertiary,왕송못동로,,,,yes,,,68.92
470203422,tertiary,,,,,yes,yes,,357.42
470203423,unclassified,,,,,yes,,,297.12
470441216,service,부곡초등2길,,,,,,,50.8
470450185,service,,,,,,,,138.33
470848084,residential,장승길,,,,,,,94.64
471463973,residential,,,,,,,,271.91
471465340,footway,,,,,,,,265.17
471692507,steps,,,,,,yes,,15.07
471692508,footway,,,,,,yes,,261.87
471692509,footway,,,,,,yes,,20.16
471692510,steps,,,,,,yes,,36.33
471692512,pedestrian,,,,,,yes,,26.83
471692513,pedestrian,,,,,,,,19.94
471692519,steps,,,,,,yes,,23.42
471692523,residential,부곡초등3길,,,,,,,53.33
471693675,service,부곡시장1길,,,,,,,112.56
472039932,residential,부곡시장5길,,,,,,,100.92
472039933,tertiary,왕송못동로,,,,,,,28.52
472039934,tertiary,덕영대로,,,,yes,,,436.25
472039935,tertiary,덕영대로,,,,yes,,,787.42
472039936,tertiary,덕영대로,,,,yes,,,350.88
472039938,tertiary,오봉로,,,,,,,53.27
472039940,tertiary,사천로,,,,,,,247.66
472039942,tertiary,오전천로,Ojeoncheon-ro,,,,,,293.19
472039946,tertiary,고산로,,,,no,,,154.67
472039947,primary,경수대로,1,,,yes,,,390.79
472039949,tertiary,원골로,,,,,,,338.33
472039952,tertiary,의왕군포로,Uiwanggunpo-ro,,,,,,39.17
472039956,residential,고래들길,,,,,,,595.12
472039961,primary,흥안대로,47,,,yes,,,386.42
472039963,tertiary,,,,,,,,14.77
472039965,tertiary,계원대학로,,2,50,yes,,,365.49
472039967,primary,흥안대로,47,,,yes,,,402.99
472039970,primary,평촌지하도로,47,,,yes,,,306.2
472039977,tertiary,학의로,,4,,,,,846.96
472043937,residential,부곡초등3길,,,,,,,144.86
472043938,residential,부곡중앙남1길,,2,30,,,,308.99
472044777,tertiary,,,,,yes,,,783.76
472073232,primary,경수대로,1,,,yes,,,179.62
472786842,residential,,,,,,,,62.17
472786843,residential,,,,,,,,65.36
472786844,residential,,,,,,,,65.03
473991415,tertiary,이당로,,4,50,no,,,673.22
474083406,tertiary,번영로28번길,,,,,,,18.2
474083407,tertiary,송부로,,,,,,,20.84
474155661,service,,,,,,,,236.28
474155662,service,,,,,,,,64.7
474155663,footway,,,,,,,,72.52
474155664,footway,,,,,,,,40.08
474155667,tertiary,,,,,,yes,,27.39
474155669,service,,,,,,,,97.94
474155670,service,,,,,yes,,,70.15
474155671,service,,,,,yes,,,30.6
474155672,service,,,,,yes,,,29.11
474155673,trunk_link,,,,,yes,,,140.51
474155674,trunk_link,,,,,yes,yes,,41.42
474155675,trunk_link,,,,,yes,,,55.98
474155676,trunk_link,,,,,yes,yes,,129.32
474155677,trunk_link,,,,,yes,,,240.74
474155678,primary_link,,,,,yes,,,78.67
474155679,primary_link,,,,,yes,,,45.59
474882669,motorway,영동고속도로,50,3,80,yes,,,1460.1
475582905,service,,,,,yes,,,291.87
475582906,service,,,,,yes,,,200.83
475582907,trunk_link,,,,,yes,,,610.52
475582908,trunk_link,,,,,yes,,,216.02
475583354,residential,묵배미길,,,,,,,341.42
475583355,residential,묵배미길,,,,,,yes,42.71
475583356,residential,묵배미길,,,,,,,72.96
475583357,residential,홍치골길,,,,,,,239.66
475583358,residential,왕림길,,,,,,,686.83
475583359,residential,홍치골길,,,,,,,166.35
476254466,tertiary,새터말아랫로,,,,,,,395.88
476254469,residential,새터말아랫로,,,,,,,56.69
476254470,residential,새터말아랫로,,,,,,,56.65
476254471,residential,새터말아랫로,,,,,,,56.58
476254472,residential,새터말아랫로,,,,,,,56.53
476254473,residential,새터말아랫로,,,,,,,56.48
476254474,residential,새터말아랫로,,,,,,,56.42
476254475,residential,새터말아랫로,,,,,,,56.37
476254476,residential,새터말아랫로,,,,,,,56.38
476254477,residential,금천말길,,,,,,,403.51
476254478,residential,금천말안길,,,,,,,297.89
476254479,residential,,,,,,,,41.45
476254480,residential,,,,,,,,173.92
476254481,residential,,,,,,,,49.05
476254482,residential,,,,,,,,47.52
476254483,residential,,,,,,yes,,26.53
477488056,primary,고천지하차도,1,,,yes,,yes,156.02
477488057,primary,고천지하차도,1,,,yes,,covered,189.4
478543890,trunk_link,,,,,yes,,,104.91
479841094,service,,,,,yes,,,33.18
479841095,unclassified,,,,,yes,,,43.45
479841097,tertiary_link,,,,,yes,,,62.49
479841098,residential,창말윗길,,,,,,,230.06
479841099,service,,,,,,,,105.17
479841100,service,,,,,,,,99.5
479841101,tertiary,,,,,,,,137.16
479841102,service,왕송못동로,,,,,,,54.42
479841103,service,왕송못동로,,,,yes,,,220.25
479841104,service,왕송못동로,,,,,,yes,59.54
480660663,footway,,,,,,,,428.97
480981879,service,맑은내길,,,,,,,387.41
480981880,residential,한밭들길,,,,,,,333.57
480981884,service,한밭들1길,,,,,,,243.81
480981885,service,한밭들2길,,,,,,,188.7
480981886,residential,새말길,,,,,,,393.57
480981887,residential,새말길,,,,,,,301.3
480981888,residential,새말길,,,,,,yes,31.62
480981889,service,월암새터마을길,,,,,,,223.38
480981890,residential,괴말길,,,,,,,330.48
480981891,residential,괴말길,,,,,,,171.4
480981892,service,,,,,,,,167.33
480981893,residential,징계골길,,,,,,,6.46
480981894,residential,,,,,,,,50.46
480981895,residential,,,,,,,yes,39.33
480981896,service,,,,,yes,,,170.1
480981904,path,한남정맥,,,,,,,979.35
480981905,unclassified,,,,,,,,312.2
480981906,service,고고리길,,,,,,,1486.09
480981907,residential,골사그내길,,,,,,,43.7
480981908,living_street,골사그내길,,,,,,,208.02
480981909,steps,,,,,,,,58.63
480981910,steps,,,,,,,,18.08
480981911,footway,,,,,,yes,,52.09
480981912,steps,,,,,,,,14.7
480981913,path,,,,,,,,63.38
480983886,residential,솔고개길,,,,,yes,,25.38
480983888,residential,솔고개길,,,,,,,593.85
480983889,service,대안사길,,,,,,,14.74
480983890,service,통미마을길,,,,,,,200.24
480983891,service,통미마을길,,,,,,,119.58
480983892,residential,향촌길,,,,,,,224.55
480983893,residential,향촌길,,,,,yes,,25.05
480983894,residential,향촌길,,,,,,,132.16
480983895,service,향촌길,,,,,,,103.59
480983896,residential,왕림길,,,,,yes,,16.34
480983897,residential,왕림길,,,,,,,211.0
480983898,pedestrian,,,,,,,,20.5
481150330,service,,,,,,,,121.7
481150331,service,부곡시장길,,,,,,,35.29
481150333,steps,,,,,,,,7.2
481150334,service,,,,,,,,15.67
481150552,residential,부곡중앙남3길,,,,,,,175.39
481221704,service,,,,,,,,24.09
481335964,residential,,,,,,,,187.56
481335967,service,부곡시장길,,,,,,,51.89
481335968,service,,,,,,,,46.72
481335969,footway,,,,,,,,26.96
481335970,service,부곡시장길,,,,,,,79.51
481335971,residential,부곡시장3길,,,,,,,55.38
481335972,service,부곡중앙남6길,,,,,,,49.54
481335973,service,부곡중학길,,,,,,,56.7
481335974,service,부곡초등2길,,,,,,,35.81
481335975,residential,솔밭길,,,,,,,31.59
481335976,service,솔밭길,,,,,,,31.01
481335977,service,솔밭길,,,,,,,32.28
481335978,service,부곡초등3길,,,,,,,47.81
482027872,service,부곡초등길,,,,,,,109.83
482027873,footway,,,,,,,,28.64
482028423,service,철도박물관로,,,,,,,43.21
482028425,service,부곡중학길,,,,,,,19.59
482028426,service,,,,,,,,24.7
482028427,residential,,,,,,,,116.73
486149680,unclassified,가나무로,,,,,,,663.41
486337160,footway,,,,,,,,70.05
488390567,primary,경수대로,1,,,yes,,,435.74
488390569,primary,경수대로,1,,,yes,,,140.17
488390570,primary,경수대로,1,,,yes,,,452.73
488390571,tertiary,,,,,,,,20.9
488390572,primary,경수대로,1,,,yes,,,722.55
488390573,primary,경수대로,1,,,yes,,,135.35
488390574,primary,경수대로,1,,,yes,,,106.46
488390575,primary,경수대로,1,,,yes,,,358.72
488390576,primary,경수대로,1,,,yes,,,360.18
488390577,primary,경수대로,1,,,yes,,,293.65
488390578,primary,경수대로,1,,,yes,,,323.54
488390582,tertiary,오봉로,,,,,,,30.53
488482047,unclassified,입북로77번길,,,,,,,763.12
488597556,footway,,,,,,yes,,20.67
488597558,footway,,,,,,,,693.16
488597561,footway,,,,,,yes,,157.77
488597563,footway,,,,,,,,184.68
488597565,footway,,,,,,,,35.19
488597567,footway,,,,,,,,268.47
488597569,footway,,,,,,,,436.83
488597571,footway,,,,,,yes,,45.1
488597572,footway,,,,,,yes,,22.11
488597573,footway,,,,,,,,376.57
488597575,tertiary,초평로,,,,,,,202.98
488597576,tertiary,,,,,,yes,,25.38
488597578,tertiary,,,,,,yes,,25.41
488597580,path,,,,,,,,47.36
488597581,path,,,,,,,,26.79
488597582,path,,,,,,,,44.23
488597583,path,,,,,,,,57.13
488597589,path,,,,,,,,31.45
488598442,tertiary,,,,,,yes,,20.91
488599668,footway,,,,,,,,436.97
488599670,footway,,,,,,yes,,55.13
488599671,footway,,,,,,,,46.32
488599672,footway,,,,,,yes,,131.38
488599673,footway,,,,,,,,18.87
488599674,footway,,,,,,,,187.9
488599675,footway,,,,,,yes,,68.78
488599676,footway,,,,,,,,89.28
488599678,footway,,,,,,yes,,179.79
488599679,footway,,,,,,,,39.03
488599680,footway,,,,,,yes,,336.6
488599681,footway,,,,,,,,23.69
488599682,service,,,,,,,,226.3
488599683,tertiary,왕송못동로,,,,,yes,,21.69
488599684,tertiary,왕송못동로,,2,,,,,366.42
488599685,footway,,,,,,,,288.94
488603165,service,,,,,,,,435.76
488603166,unclassified,,,,,yes,,,33.45
488603167,unclassified,,,,,yes,,,303.57
488603168,unclassified,,,,,yes,,,22.88
488638382,residential,까치골길,,,,,,,119.02
488644207,tertiary,,,,,,,,20.29
488644209,tertiary,오봉로,,,,yes,,,286.56
488657763,unclassified,,,,,,,,5.85
488657764,unclassified,산들자전거1길,,,,,,,385.31
488669075,tertiary,복합물류로,,,,,,,43.97
488669076,tertiary,복합물류지하차도,,,,,,yes,752.01
488779082,tertiary,철도박물관로,,,,yes,,,192.85
488779083,tertiary,오봉로,,,,yes,,,290.56
488779084,tertiary,철도박물관로,,,,,,,190.4
488779086,tertiary,철도박물관로,,,,yes,,,130.9
489526333,residential,별묘길,,,,,,,88.65
489526334,service,별묘길,,,,,,,398.78
489526335,unclassified,,,,,,,,510.4
489526336,residential,,,,,,,,346.72
489526337,primary,경수대로,1,,70,yes,,,479.43
489526338,primary,경수대로,1,,70,yes,,,531.2
489526339,service,골사그내길,,,,,,,281.85
489526340,residential,사나골길,,1,,,,,52.92
489526341,service,,,,,,,,117.95
489526342,service,,,,,,,,82.55
489526343,residential,오매기가운데말길,,,,,,,287.55
489526344,residential,오매기중간길,,,,,,,30.99
489526345,service,,,,,,,,272.7
489526348,unclassified,,,,,,,,330.61
489526350,residential,오매기백운산길,,,,,,,1024.81
489526354,residential,오매기백운산길,,,,,,,785.35
489526356,trunk,봉담과천로,,,,yes,,yes,372.46
489526359,trunk,봉담과천로,,,,yes,,,425.3
489526361,trunk,봉담과천로,,,,yes,,,130.48
489526363,trunk,봉담과천로,,,,yes,yes,,16.2
489526366,trunk,봉담과천로,,,,yes,,,378.97
489526367,trunk,봉담과천로,,,,yes,,yes,476.02
489526368,trunk,봉담과천로,,,,yes,,,320.03
489526369,trunk,봉담과천로,,,,yes,yes,,116.28
489526370,trunk,봉담과천로,,,,yes,yes,,108.03
489526371,trunk,봉담과천로,,,,yes,,,418.6
489526372,trunk,봉담과천로,309,,90,yes,yes,,88.05
489526373,trunk,봉담과천로,309,,90,yes,,,812.8
489526374,trunk,봉담과천로,309,,90,yes,yes,,99.92
489526375,trunk,봉담과천로,309,,90,yes,,,439.78
489526376,trunk,봉담과천로,,,,yes,,,279.95
489526377,unclassified,,,,,,,,1093.99
490276287,footway,,,,,,,,91.22
490276288,residential,입북로77번길,,,,,yes,,40.39
490276289,footway,,,,,,,,642.58
490276704,track,,,,,,,,460.83
490276705,track,,,,,,,,672.22
491135699,unclassified,,,,,,,,403.94
491135700,tertiary,덕영대로,,,,yes,,,422.94
491135701,service,,,,,,,,89.28
491135702,tertiary,왕송못동로,,,,,,,9.78
491135704,tertiary,덕영대로,,,,yes,,,703.31
491135705,residential,,,,,,,,7.57
491135706,motorway_link,,,,,yes,,,240.26
491135707,secondary,덕영대로,,,,yes,yes,,28.96
491135708,tertiary,덕영대로,,,,yes,,,482.52
491135709,service,,,,,yes,,,24.4
491135710,service,,,,,,,,42.81
492943635,service,,,,,,,,30.52
493196001,primary,흥안대로,47,,,yes,,,387.75
493196004,tertiary,모락로,,,,yes,,,561.46
493196005,primary,흥안대로,47,,,yes,,,251.97
493196006,residential,오리나무로,,,,,,,173.92
493209381,primary,경수대로,1,,60,yes,,,1069.5
493209385,motorway_link,,,,,yes,,,856.92
493209390,motorway,영동고속도로,50,3,80,yes,,,1456.68
493209401,primary,경수대로,1,,70,yes,,,608.83
493210750,tertiary,덕영대로,,,,yes,,,792.2
493434217,tertiary,창말로,,,,,,yes,76.25
493434218,tertiary,창말로,,,,,,,19.19
493440382,service,,,,,,,,488.61
493440384,service,,,,,,,,246.51
493440385,service,,,,,,,,665.03
494665957,residential,부곡복지관길,,,,,,,123.35
494665958,residential,부곡복지관길,,,,,,,185.89
494665959,residential,부곡복지관길,,,,,,,274.8
494710631,secondary,백운로,,,,,,,1731.07
494855746,tertiary,덕영대로,,,,yes,,,351.51
494973751,tertiary,오전천로,Ojeoncheon-ro,,,,,,418.25
494987019,tertiary,모락로,,8,,,,,198.31
494987020,tertiary,오전로,,,,,,,63.06
494987021,tertiary,오전로,,,,,,,494.01
494987023,residential,전주남이4길,,,,no,,,79.38
496143199,corridor,,,,,,,,4.95
496143200,corridor,,,,,,,,20.82
496143201,corridor,,,,,,,,13.97
496143202,corridor,,,,,,,,29.25
496143211,steps,,,,,,,,20.47
496143213,steps,,,,,,,,28.25
496143214,steps,,,,,,,,20.17
496143215,steps,,,,,,,,28.55
496583276,tertiary,왕송못동로,,,,,,,10.66
496583277,tertiary,철도박물관로,,,,yes,,,192.69
496583279,unclassified,,,,,yes,,,39.26
496583280,tertiary,철도박물관로,,2,,,,,758.96
496583281,tertiary,철도박물관로,,2,,yes,,,47.92
496583282,tertiary,부곡중앙로,,4,,,,,40.59
496583283,tertiary,부곡중앙로,,5,,,,,42.99
496583284,tertiary,부곡중앙로,,5,,,,,46.98
496583285,tertiary,부곡중앙로,,5,,,,,42.83
496583286,tertiary,부곡중앙로,,5,,,,,43.71
496583287,tertiary,부곡중앙로,,5,,,,,43.44
496583288,tertiary,부곡중앙로,,5,,,,,43.78
496583289,tertiary,부곡중앙로,,5,,,,,42.64
496583290,tertiary,부곡중앙로,,5,,,,,32.8
496583291,tertiary,부곡중앙로,,2,,,,,78.48
497330223,tertiary,관양로,,,,,,,356.52
497330606,primary,안양판교로,57,4,,no,,,246.78
497824250,residential,,,,,,,,108.25
497824251,tertiary,의왕군포로,Uiwanggunpo-ro,,,yes,,,364.87
497824252,residential,옻우물길,,,,,,,128.52
497824253,tertiary,의왕군포로,Uiwanggunpo-ro,,,yes,,,365.7
497824254,tertiary,,,,,,yes,,54.6
497849354,residential,,,,,,,,106.07
497849355,path,,,,,,,,301.87
497849356,path,,,,,,,,254.25
497849357,path,,,,,,,,1269.05
497849359,path,,,,,,,,1311.8
497854384,residential,전주남이1길,,,,,,,49.58
497854385,residential,,,,,,,,100.91
497854386,residential,,,,,,,,76.72
497854387,residential,사그내3길,,,,,,,61.37
497854389,tertiary,고산로,,,,no,,,465.82
497854390,tertiary_link,,,,,yes,,,90.42
497880058,pedestrian,,,,,,yes,,40.39
497880059,footway,,,,,,,,5.21
498553981,tertiary,원골로,,,,,,,38.96
498553982,residential,,,,,,,,97.03
498553983,residential,원골로,,,,,,,289.58
498553984,tertiary,모락로,,8,,,,,618.39
498553985,residential,가구단지길,,,,,,,60.85
498553987,residential,호성로,,,,yes,,,268.21
498553988,tertiary,모락로,,8,,,,,198.98
498553990,tertiary,모락로,,,,yes,,,506.18
499324356,residential,,,,,yes,,,19.37
499604999,tertiary,초평로,,2,,,,,766.49
499605000,tertiary,초평로,,,,,yes,,17.94
499605001,footway,,,,,,,,29.83
499605002,footway,,,,,,,,27.95
499605003,footway,,,,,,,,235.98
499605004,footway,,,,,,,,8.42
499605005,footway,,,,,,,,11.58
499605006,footway,,,,,,,,305.67
499605007,footway,,,,,,,,10.63
499605008,footway,,,,,,,,48.84
499605009,footway,,,,,,,,17.81
499605010,footway,,,,,,,,241.5
499605011,footway,,,,,,,,16.93
499605012,footway,,,,,,,,24.15
501181917,service,,,,,yes,,,209.77
501181918,unclassified,,,,,yes,,,171.36
501181919,unclassified,,,,,,,,150.63
502804747,footway,,,,,,,,132.41
502804748,footway,,,,,,,,10.25
502804749,footway,,,,,,,,4.94
502804750,footway,,,,,,,,7.32
502804751,footway,,,,,,,,4.61
502804752,footway,,,,,,,,9.03
502804753,footway,,,,,,,,1.95
502804754,footway,,,,,,,,1.99
502804756,footway,,,,,,,,162.64
502804757,footway,,,,,,,,21.41
502804758,footway,,,,,,,,24.05
502804759,footway,,,,,,,,83.32
502804760,footway,,,,,,,,19.69
504546589,footway,,,,,,yes,,20.78
504546590,footway,,,,,,,,247.55
504546599,footway,,,,,,yes,,15.96
504546600,footway,,,,,,,,549.91
504546608,pedestrian,,,,,,,,65.0
504547728,tertiary,오봉로,,,,yes,,,557.2
504547730,trunk_link,,,,,yes,,,93.24
504547731,trunk_link,,,,,yes,yes,,35.23
504720314,footway,,,,,,,,182.43
504720316,footway,,,,,,,,137.52
504720319,footway,,,,,,,,61.73
507181011,tertiary,부곡중앙로,,5,,,,,38.45
507449305,primary,경수대로,1,,70,yes,,,57.45
507449306,trunk,봉담과천로,309,,90,yes,,,469.28
507449307,trunk,봉담과천로,309,,90,yes,,,929.91
507449308,trunk,봉담과천로,309,,90,yes,,,598.8
507449309,trunk,봉담과천로,309,,90,yes,,,123.12
507449310,trunk_link,,,,,yes,,,197.85
507449311,primary,경수대로,1,,70,yes,,,278.54
507570570,trunk,봉담과천로,309,,90,yes,,,172.61
507570571,trunk,봉담과천로,309,,90,yes,,,14.37
511468143,primary,고천지하차도,1,,,yes,,,268.67
511476551,motorway,제2경인고속도로,110,3,100,yes,,yes,488.56
511476581,motorway,제2경인고속도로,110,3,100,yes,,,304.06
511476583,motorway,제2경인고속도로,110,3,100,yes,,,370.5
511476584,motorway,제2경인고속도로,110,3,100,yes,,yes,470.45
511731767,motorway,제2경인고속도로,110,2,100,yes,,yes,480.7
511731805,motorway,제2경인고속도로,110,2,100,yes,,yes,2763.79
511731808,motorway,제2경인고속도로,110,2,100,yes,,yes,2727.87
511731809,motorway,제2경인고속도로,110,2,100,yes,,,350.08
511731810,motorway,제2경인고속도로,110,2,100,yes,,yes,418.24
511731812,motorway,제2경인고속도로,110,2,100,yes,,,352.99
511731813,motorway,제2경인고속도로,110,2,100,yes,,,66.25
511731814,motorway,제2경인고속도로,110,2,100,yes,yes,,529.67
511731815,motorway,제2경인고속도로,110,3,100,yes,,,161.34
511731817,motorway,제2경인고속도로,110,3,100,yes,,,119.46
511731819,motorway,제2경인고속도로,110,2,100,yes,,,85.03
511731820,motorway_link,,,,,yes,,,716.57
511731821,motorway_link,,,,,yes,,,120.89
516328718,residential,신장승길,,,,,,,313.15
516328719,tertiary,장안로,,2,,,,,198.23
516328720,tertiary,장안중앙로,,4,,,,,228.65
516328721,residential,장안남북로,,,,,,,196.46
517242832,tertiary,부곡중앙로,,5,,,,,42.16
517242835,tertiary,부곡중앙로,,5,,,,,42.59
519488608,tertiary,오봉로,,,,yes,,,284.45
519488609,trunk_link,,,,,yes,,,159.86
519488610,tertiary,오봉로,,,,yes,,,299.67
519488611,tertiary,오봉로,,,,yes,,,289.31
521766167,tertiary,왕소나무길,,,,,,,79.62
521766190,unclassified,,,,,,,,19.16
524642784,motorway,제2경인고속도로,110,2,100,yes,yes,,483.68
524642785,motorway,제2경인고속도로,110,3,100,yes,yes,,40.99
524642802,motorway_link,,,,,yes,yes,,426.2
524642803,motorway_link,,,,,yes,,,701.84
525074941,motorway,수도권제1순환고속도로,100,4,100,yes,yes,,506.73
525074942,motorway_link,,,,,yes,yes,,392.89
525074943,trunk,봉담과천로,309,,90,yes,,,471.3
525074948,trunk,봉담과천로,309,,90,yes,,,376.82
525074949,motorway,수도권제1순환고속도로,100,4,100,yes,yes,,292.47
525319743,motorway,제2경인고속도로,110,3,100,yes,yes,,58.09
525319744,motorway,제2경인고속도로,110,3,100,yes,,,344.86
525319745,motorway,제2경인고속도로,110,3,100,yes,,,383.11
525319746,motorway,제2경인고속도로,110,3,100,yes,yes,,57.05
525319747,motorway,제2경인고속도로,110,3,100,yes,yes,,75.27
525319751,motorway,제2경인고속도로,110,3,100,yes,yes,,72.88
525319752,motorway,제2경인고속도로,110,3,100,yes,,,349.59
531616882,service,,,,,,,,69.78
531628241,footway,,,,,,yes,,76.86
531780946,tertiary,문화예술로,,,50,,,yes,103.07
538623968,trunk,봉담과천로,,,,yes,yes,,19.82
538623969,trunk,봉담과천로,,,,yes,,,630.7
538623970,tertiary,청계로,,,,,,,109.95
538623971,tertiary,청계로,,,,,,,1211.56
538623972,trunk,봉담과천로,309,,90,yes,yes,,149.21
538623973,trunk,봉담과천로,309,,90,yes,,,147.23
538623975,motorway_link,,,,,yes,,,532.39
538623976,motorway_link,,,,,yes,yes,,104.87
538623977,motorway_link,,,,,yes,yes,,179.07
538623979,motorway_link,,,,,yes,yes,,240.01
538623980,trunk,봉담과천로,,,,yes,,,180.43
538623981,trunk,봉담과천로,,,,yes,,,566.01
538623982,trunk,봉담과천로,,,,yes,yes,,117.39
538623983,trunk,봉담과천로,,,,yes,,,202.0
538623984,trunk,봉담과천로,,,,yes,yes,,252.85
539608096,service,,,,,,,,250.74
539608097,service,,,,,,,,139.39
541465255,tertiary,,,,,,yes,,69.18
541465256,tertiary,청계로,,,,,,,365.2
541465258,unclassified,,,,,,,,318.03
541465259,living_street,,,,,,,,55.21
541465260,living_street,,,,,,,,197.35
541465261,living_street,옥박골서길,,,,,,,256.52
541465263,unclassified,,,,,yes,,,9.5
541465264,primary,안양판교로,57,4,,yes,,,32.48
541465265,primary,안양판교로,57,4,,yes,yes,,47.03
541465266,trunk,봉담과천로,,,,yes,yes,,297.53
541465267,trunk,봉담과천로,,,,yes,,,647.4
541465269,trunk,봉담과천로,309,,90,yes,yes,,149.08
541465270,trunk,봉담과천로,309,,90,yes,,,286.24
541465271,trunk,봉담과천로,,,,yes,yes,,148.86
541801481,trunk,봉담과천로,,,,yes,,,456.7
541801482,trunk,봉담과천로,,,,yes,,yes,614.25
541801485,trunk,봉담과천로,,,,yes,,,424.96
541801486,trunk,봉담과천로,,,,yes,,yes,662.03
542174909,tertiary_link,,,,,yes,,,152.9
544067196,service,,,,,,,,69.63
544300745,path,,,,,,,,986.93
544300746,path,,,,,,,,1418.54
544300747,path,,,,,,,,1103.42
544300749,path,,,,,,,,151.55
544300750,path,,,,,,,,304.49
544300751,path,,,,,,,,756.15
544300752,path,,,,,,,,981.61
544300753,path,,,,,,,,2409.46
544736601,service,,,,,,,,49.4
544736602,service,,,,,,,,22.92
544736603,service,,,,,,,,83.08
544736604,service,,,,,,,,85.7
544736605,service,,,,,,,,81.65
544736607,living_street,,,,,,,,128.09
544736608,service,,,,,,,,96.14
544736609,service,,,,,,,,88.56
544736611,service,,,,,,,,105.92
544736613,service,,,,,,,,108.23
544736614,service,,,,,,,,109.78
544736615,service,,,,,,,,110.08
544736616,service,,,,,,,,284.8
546513226,cycleway,학의천자전거길,,,,,,,4703.31
560224249,service,,,,,,,,308.33
560224251,tertiary,왕송못동로,,2,,,,,621.99
565571116,primary,안양판교로,57,4,,yes,,,311.65
565573032,primary,안양판교로,57,4,,yes,,,2146.92
568664925,residential,부곡중학길,,,,,,,53.01
568664933,tertiary,왕송못동로,,,,,,,39.82
568664935,tertiary,철도박물관로,,,,,,,45.11
568664938,tertiary,철도박물관로,,,,yes,,,146.62
568664941,tertiary,철도박물관로,,,,,,,301.88
568664944,tertiary,철도박물관로,,2,,,,,184.42
568664946,tertiary,철도박물관로,,2,,,,,79.05
568664949,residential,부곡시장길,,,,,,,102.42
568664954,tertiary,왕송못동로,,,,,,,79.68
568664957,tertiary,철도박물관로,,,,yes,,,146.55
568664967,tertiary,의왕역회전교차로,,2,,yes,,,89.02
568664970,residential,부곡초등3길,,,,,,,118.87
568664973,residential,까치골길,,,,,,,52.39
568664976,tertiary,부곡초등3길,,,,,,,31.59
568664979,residential,부곡중앙남6길,,,,,,,47.0
568664981,residential,부곡중앙남6길,,,,,,,147.36
568664983,residential,까치골1길,,,,,,,118.04
568664985,residential,까치골길,,,,,,,44.69
568664988,residential,부곡시장길,,,,,,,93.13
568664992,residential,부곡중앙남7길,,,,,,,200.59
570406039,service,,,,,,,yes,72.31
570406040,path,,,,,,,,803.64
570406041,track,,,,,,,,116.05
570406042,service,,,,,,,,146.76
570406044,path,,,,,,,yes,49.26
570406045,path,,,,,,,,34.51
570406046,service,,,,,,,,58.62
570406047,service,,,,,,,,46.81
570406048,service,,,,,,,,48.58
570406049,path,,,,,,,,375.81
570406050,path,,,,,,,,135.15
570406051,cycleway,,,,30,,,,438.49
570406053,track,,,,,,,,166.24
570406055,path,,,,,,,,325.7
570406056,path,,,,,,,,68.38
570406057,path,,,,,,,,175.19
570406058,path,,,,,,,,36.6
570406059,path,,,,,,,,292.85
570406060,path,,,,,,,,25.69
570406061,path,,,,,,,,657.34
570406064,service,,,,,,,yes,31.07
570406065,path,장고개 구름다리,,,,,yes,,66.96
570406066,path,,,,,,,,67.97
570406067,path,,,,,,,,1181.94
570406068,service,,,,,,,yes,43.86
570406069,service,,,,,,,,205.1
570418102,unclassified,,,,,,,yes,36.2
571384233,residential,,,,,,,,249.75
571384236,path,,,,,,,,635.34
572276559,footway,,,,,,,,47.04
572276566,residential,월암길,,,,,,yes,15.68
572276567,residential,월암길,,,,,,,17.02
572276568,service,,,,,,,,248.58
572276569,service,,,,,,,,56.12
572276570,service,,,,,,,,71.25
572276571,service,,,,,,,,98.09
572276572,service,,,,,,,,171.98
572276573,service,,,,,,,,454.69
572276574,service,,,,,,,,111.66
572276575,path,,,,,,,,19.89
572276576,path,,,,,,,,28.72
572618697,service,,,,,,,,118.28
577560670,residential,,,,,,,,46.8
578281962,residential,,,,,,,,85.14
580149833,tertiary,학현로,,,,,,,1141.23
580149834,path,,,,,,,,29.53
580149835,path,,,,,,,,74.14
580149836,path,,,,,,,,52.92
580149837,service,,,,,,,,113.23
580149839,motorway_link,,,,,,,,127.68
580149840,rest_area,청계졸음쉼터,100,,,,,,334.55
580149842,service,,,,,yes,,,199.75
580149843,motorway_link,,,,,yes,,,480.74
580149844,tertiary_link,,,,,yes,,,15.55
580149845,service,,,,,,,,222.5
580149847,service,,,,,,,yes,190.64
580149848,service,,,,,,,,25.19
580149851,service,,,,,,,,117.01
580149852,path,,,,,,,,485.54
580149853,service,,,,,,,,529.34
580162057,path,,,,,,,,506.02
580162058,path,,,,,,,,303.69
580162060,footway,,,,,,,,180.77
580162061,path,,,,,,,,459.11
580162063,path,,,,,,,,649.8
580162065,path,,,,,,,,861.96
580162067,path,,,,,,,,996.73
580162068,footway,,,,,,,,12.55
580162070,footway,,,,,,,,55.13
580162071,path,한남정맥,,,,,,,489.41
580162073,path,,,,,,,,75.35
580162075,unclassified,,,,,,,,19.79
580162076,unclassified,,,,,,,yes,55.23
580162078,unclassified,,,,,,,,522.39
580162079,cycleway,,,,,,,,829.08
580162082,path,,,,,,,,513.4
580162084,cycleway,,,,,,,,555.7
580162085,residential,,,,,,,,125.01
580162087,cycleway,,,,,,,,246.19
580162089,footway,,,,,,,,71.88
580162091,path,,,,,,,,178.94
580162094,services,의왕휴게소,,,,,,,413.63
580162098,services,의왕휴게소,,,,,,,260.98
580162100,footway,,,,,,,,92.64
580162101,footway,,,,,,yes,,138.68
580162103,steps,,,,,,,,15.06
580162104,steps,,,,,,,,33.9
580162106,footway,,,,,,,,85.28
580162107,footway,,,,,,,,329.87
580288722,residential,백운안길,,,,,,,595.19
580288723,residential,백운호수로1길,,,,,,,98.7
580288724,residential,백운중앙로4길,,,,,,,350.36
580288725,secondary,백운로,,,,,,,896.85
580288726,tertiary,백운호수로2길,,,,,,,136.22
580288727,tertiary,백운중앙로,,,,,,,312.31
580288728,tertiary,백운호수로,,,,,,,233.49
580288729,secondary,백운로,,,,yes,,,599.4
580617400,primary,안양판교로,57,,,yes,yes,,27.72
580617401,primary,안양판교로,57,,,yes,,,113.65
580617402,primary,안양판교로,57,4,,yes,,,94.2
580617403,primary,안양판교로,57,4,,yes,yes,,29.52
580617404,primary,안양판교로,57,,,yes,yes,,30.21
580617405,primary,안양판교로,57,,,yes,,,575.77
580617406,primary,안양판교로,57,4,,yes,,,570.01
580617407,primary,안양판교로,57,4,,yes,yes,,30.42
580617408,primary,안양판교로,57,4,,yes,yes,,38.06
580617409,primary,안양판교로,57,4,,yes,,,768.96
580617410,primary,안양판교로,57,4,,yes,yes,,39.59
580617411,primary,안양판교로,57,4,,yes,,,1017.45
580617412,primary,안양판교로,57,,,yes,yes,,34.98
580617413,primary,안양판교로,57,,,yes,,,766.41
580617414,primary,안양판교로,57,,,yes,yes,,55.59
580617415,primary,안양판교로,57,,,yes,,,483.56
581382170,tertiary,학현로,,,,,,,34.08
581382172,tertiary,학현로,,,,,yes,,22.01
582107246,cycleway,,,,,,,,116.96
582107253,service,,,,,,,,313.8
582107254,cycleway,,,,,,,,497.72
582107256,primary_link,,,,,yes,,,200.8
582107258,motorway_link,,,,,yes,,,139.67
582107259,footway,,,,,,,,17.37
582107260,motorway_link,,,,,yes,,,131.14
582107261,cycleway,,,,,,,,46.43
582107262,service,통미마을길,,,,,yes,,18.38
582107263,service,통미마을길,,,,,,,200.78
582107264,footway,,,,,,,,284.94
582107265,footway,,,,,,,,21.65
582107266,trunk_link,,,,,yes,yes,,17.62
582107267,trunk_link,,,,,yes,,,52.23
582107268,trunk_link,,,,,yes,yes,,16.63
582107269,trunk_link,,,,,yes,,,36.64
582107270,footway,,,,,,,,34.02
582107271,footway,,,,,,,,457.25
582107272,footway,,,,,,,,21.79
582107273,cycleway,,,,,,,,26.43
582107274,steps,,,,,,,,14.08
582107275,steps,,,,,,,,22.52
582107276,cycleway,안양천 자전거도로,,,,,,,1.68
582107277,cycleway,,,,,,,,26.44
582107278,steps,,,,,,,,28.46
582107279,steps,,,,,,,,27.11
582107280,primary,고천지하차도,1,,,yes,,covered,192.04
582107281,primary,고천지하차도,1,,,yes,,,202.57
582713233,secondary,백운로,,,,,,,345.6
582713234,secondary,,,,,,yes,,19.71
583396704,secondary,백운로,,,,,,,281.9
583396705,secondary,백운로,,,,,yes,,15.27
584352883,motorway,수원문산고속도로,17,2,100,yes,,,1724.04
585392815,tertiary_link,,,,,yes,,,6.26
585392816,tertiary,포일로,,2,,,,,14.03
585392819,primary,안양판교로,57,6,,no,,,47.27
585392820,primary,안양판교로,57,3,,yes,,,284.68
585392821,primary,안양판교로,57,3,,yes,,,285.32
585392822,primary,안양판교로,57,6,,no,,,33.1
585392823,primary,안양판교로,57,3,,yes,yes,,45.85
585392824,primary,안양판교로,57,3,,yes,,,18.63
585392825,primary,안양판교로,57,3,,yes,,,374.79
585392826,primary,안양판교로,57,3,,yes,,,387.92
585392827,primary,안양판교로,57,4,,yes,,,623.92
585392828,primary,안양판교로,57,4,,yes,,,620.87
588070041,footway,,,,,,,,20.11
588988713,service,,,,,,,,91.42
588988715,footway,습지데크,,,,,yes,,9.81
588988716,path,,,,,,,,44.41
588988717,footway,습지데크,,,,,yes,,9.53
588988718,footway,습지데크,,,,,yes,,20.72
588988719,footway,,,,,,,,5.67
588988720,footway,,,,,,,,2.66
588988721,footway,,,,,,,,6.32
588988722,footway,,,,,,,,3.56
588988723,footway,습지데크,,,,,yes,,116.5
588988725,footway,,,,,,,,24.38
588988726,footway,습지데크,,,,,yes,,11.99
588988727,footway,,,,,,,,13.47
588988728,footway,,,,,,,,116.7
588988730,footway,,,,,,,,9.1
588988731,footway,,,,,,,,8.47
589238141,residential,백운호수로3길,,,,,,,209.62
589385338,footway,,,,,,,,44.85
589385339,footway,,,,,,,,117.08
589385340,path,,,,,,,,23.83
589385341,path,,,,,,,,84.57
589385342,path,,,,,,,,143.13
589385343,path,,,,,,,,49.99
589385344,footway,,,,,,,,3.82
589385345,footway,,,,,,,,135.3
589385346,footway,,,,,,,,278.63
589385347,path,,,,,,,,143.79
589385348,footway,,,,,,,,13.24
589385349,path,,,,,,,,21.22
589958721,trunk_link,,,,,yes,,,57.57
589958722,trunk_link,,,,,yes,,,52.56
593212462,footway,,,,,,,,42.84
593212463,footway,,,,,,,,129.54
593212464,footway,,,,,,,,128.01
593212465,footway,,,,,,,,141.75
593212466,footway,,,,,,,,15.49
593212472,service,,,,,,,,51.4
598536142,unclassified,,,,,,,,31.89
598536143,unclassified,,,,,,,,158.28
598536144,service,,,,,,,,506.11
598536145,residential,,,,,yes,,,198.09
598536146,residential,오봉산단2로,,,,,,,211.96
598536149,unclassified,,,,,yes,,,65.72
598536150,unclassified,,,,,yes,,,40.55
600021538,cycleway,청계천 자전거길,,,,,,,1552.48
600021539,footway,,,,,,,,76.52
600751482,track,,,,,,,yes,59.75
600751485,residential,,,,,,,,1026.54
600777646,motorway_link,,,,,yes,yes,,437.11
600902193,service,,,,,,,,187.79
601034113,residential,,,,,,,,189.28
601034115,residential,,,,,,,,605.81
601034118,residential,,,,,,,,241.88
601034121,residential,,,,,,,,463.61
601034124,residential,,,,,,,,189.29
601034127,residential,,,,,,,,398.57
601034139,track,,,,,,,,249.83
601034142,residential,,,,,,,,512.18
601304672,cycleway,학의천자전거길,,,,,,,298.7
601304673,footway,,,,,,,,424.52
601304674,service,,,,,,,,148.14
603004210,service,,,,,,,,21.51
603004211,service,,,,,,,yes,28.93
603004212,service,,,,,,,,159.38
603004213,service,,,,,,,,308.9
603004214,service,,,,,,,,45.37
603004215,residential,,,,,,,,364.2
603299894,footway,,,,,,,,180.85
604093255,residential,백운안3길,,,,,,,108.0
604093257,residential,백운안2길,,,,,,,105.29
604093259,residential,백운안1길,,,,,,,223.36
604093261,residential,백운안4길,,,,,,,153.54
604093366,residential,백운중앙로7길,,,,,,,135.41
604093368,residential,백운중앙로6길,,,,,,,147.28
604093370,residential,백운중앙로5길,,,,,,,148.67
604093372,residential,백운호수로7길,,,,,,,166.92
604093375,residential,백운호수로6길,,,,,,,83.03
604093377,residential,백운호수로5길,,,,,,,154.02
604093379,residential,백운호수로4길,,,,,,,203.94
604093407,residential,장안남북로5길,,,,,,,73.09
604093409,service,,,,,,yes,,13.6
604093411,residential,장안로1길,,,,,,,141.24
604093413,residential,,,,,,yes,,16.4
604093415,unclassified,부곡사길,,,,,,,226.97
604093416,residential,부곡중앙남7길,,,,yes,,,130.13
604093418,residential,,,,,,yes,,22.22
604093420,pedestrian,,,,,,,,114.77
604093422,residential,장안남북로4길,,,,,,,74.91
604093424,residential,장안남북로3길,,,,,,,75.54
604093426,residential,장안남북로2길,,,,,,,76.2
604093428,residential,장안남북로1길,,,,,,,168.7
604093430,residential,장안남북로1길,,,,,,,76.84
606971869,service,,,,,,,,57.34
606971871,footway,,,,,,,,9.89
606971874,service,,,,,,,,16.61
606971877,service,,,,,,,,193.16
606971881,service,,,,,,,,122.16
606971883,service,,,,,,,,9.52
606991712,service,,,,,,,,139.18
606991713,service,,,,,,,,20.71
607123636,service,,,,,,,,41.96
607123646,service,,,,,,,,22.79
607123647,service,,,,,,,,62.76
607123655,service,,,,,,,,102.24
607123656,service,,,,,,,,27.9
607123658,service,,,,,,,,67.32
607123660,service,,,,,,,,112.43
607123661,service,,,,,,,,112.33
607123662,service,,,,,,,,229.84
607123663,service,,,,,,,,106.83
607123665,footway,,,,,,,,29.97
607123666,service,,,,,,,,49.98
607123667,service,,,,,,,,46.24
607123668,service,,,,,,,,576.17
607123669,service,,,,,,,,137.71
607130788,footway,,,,,,,,7.23
607130789,footway,,,,,,,,9.57
607130790,service,,,,,,,,137.32
607130791,footway,,,,,,,,19.81
607130792,footway,,,,,,,,13.01
607130793,footway,,,,,,,,64.81
607130794,footway,,,,,,,,92.11
607130795,footway,,,,,,,,12.12
607137802,unclassified,,,,,,,,154.22
607278462,secondary,백운로,,,,,,,107.21
607278463,secondary,백운로,,,,yes,,,601.25
610740204,service,,,,,,,,42.1
610740205,service,,,,,,,,131.57
610740206,service,,,,,,,,29.84
610740207,service,,,,,,,,73.3
610740208,service,,,,,,,,159.19
610740210,service,,,,,,,,135.21
610740213,service,,,,,,,,124.47
610740215,service,,,,,,,,74.82
610740217,service,,,,,,,,157.17
612260405,tertiary_link,,,,,yes,,,32.32
612260407,footway,,,,,,,,21.61
612260411,footway,,,,,,,,49.07
612260414,residential,부곡중앙남3길,,,,,,,57.47
612260417,footway,,,,,,,,24.44
615532258,service,,,,,,,,130.63
617308677,service,,,,,,,,151.1
617308679,service,,,,,,,,53.46
617308680,service,,,,,yes,,,61.5
617308681,service,,,,,,,,110.2
617308682,service,,,,,,,,19.13
622650842,service,,,,,,,,150.91
622650843,steps,,,,,,,,3.62
622650846,residential,,,,,yes,,,44.44
627320553,track,,,,,,,,284.08
627320555,track,,,,,,,,64.08
627320557,path,,,,,,,,205.49
627320560,path,,,,,,,,1414.78
627320567,residential,,,,,,,,137.12
628991316,service,,,,,,,,10.6
628991317,service,,,,,,,,10.33
628991318,service,,,,,,,,10.09
628991319,service,,,,,,,,9.79
628991320,service,,,,,,,,9.56
628991321,service,,,,,,,,9.39
628991322,service,,,,,,,,8.95
628991323,service,,,,,,,,8.33
628991324,service,,,,,,,,559.39
635189445,unclassified,,,,,,,,25.41
635189451,service,,,,,,,,241.69
635189454,unclassified,,,,,,,,95.42
635189455,footway,,,,,,,,152.35
664059147,footway,,,,,,,,71.45
664059148,footway,,,,,,,,28.96
664059149,footway,,,,,,,,33.05
665243442,footway,,,,,,,,60.1
665243443,service,,,,,,,,116.13
665243448,footway,,,,,,,,19.43
665243450,footway,,,,,,,,20.32
665243452,footway,,,,,,,,21.7
665452074,footway,,,,,,,,64.49
665452075,footway,,,,,,,,17.29
670162474,tertiary,백운호수로,,4,,,,,411.22
670162475,residential,바라산로,,,,,,,348.32
670162481,tertiary,장안중앙로,,3,,,,,7.78
670162482,tertiary,,,3,,,yes,,15.66
670162483,tertiary,,,3,,,yes,,30.46
670162484,tertiary,장안중앙로,,4,,,,,42.07
670162485,unclassified,,,2,,,yes,,16.64
670162486,unclassified,부곡사길,,2,,,,,9.66
670162487,footway,,,,,,,,25.76
670162488,footway,,,,,,,,14.07
670162489,footway,,,,,,,,13.19
670162490,footway,,,,,,,,19.93
670162491,residential,장안남북로5길,,,,,,,49.24
670162492,residential,,,,,,,,165.61
670358692,footway,,,,,,,,236.57
670358694,path,,,,30,,yes,,22.07
670358695,path,,,,30,,,,179.3
670358696,footway,,,,,,,,292.19
670358697,service,,,,,,,,63.41
670358698,service,,,,,,,,10.24
670358699,service,,,,,,,,22.15
670358700,residential,장안중앙로,,,,,,,291.3
670358701,residential,,,,,,,,9.82
670358703,residential,,,,,,,,17.33
670358704,residential,,,,,,,,8.9
670358705,pedestrian,,,,,,,,83.7
672205550,steps,,,,,,,,39.26
681766125,footway,,,,,,,,83.85
682100872,tertiary,철도박물관로,,,,yes,,,133.78
682100873,tertiary,오봉로,,,,,,,241.72
682100874,tertiary,시청로,,,,,,,271.5
682109115,path,,,,,,,,132.96
682186987,residential,호성로,,,,yes,yes,,25.13
682186988,residential,호성로,,,,yes,,,165.43
682197239,residential,오리나무4길,,,,,,,97.52
682416257,tertiary,복지로,,,,no,,,21.15
682416258,tertiary,계원대학로,,4,,yes,,,208.82
682416269,tertiary,갈미로,,,,,,,184.95
682416270,residential,갈미1로,,,,,,,426.51
682416271,tertiary,내손중앙로,,,,,,,157.16
682416272,tertiary,내손로,,,,,,,316.44
688275540,residential,,,,,,,,103.52
688275541,track,,,,,,,,193.85
688275542,residential,,,,,,,,136.19
688275543,track,,,,,,,,175.8
688275544,residential,,,,,,,,147.36
688275545,residential,,,,,,,,32.04
688576576,service,오솔길,,,,,,,119.69
688576577,tertiary,,,,,,yes,,27.94
688576578,tertiary,백운중앙로,,,,,,,92.61
688576579,tertiary,,,,,,yes,,31.63
688576580,tertiary,백운중앙로,,,,,,,439.56
688576581,tertiary,,,,,,yes,,22.23
688576582,tertiary,백운호수로,,,,,,,218.49
688576583,secondary,,,,,,yes,,21.28
688576584,secondary,의일로,,,,,,,88.73
688576585,tertiary,백운호수삼거리지하차도,,,,yes,,yes,93.67
688576586,tertiary,문화예술로,,,,yes,,,36.43
688576587,tertiary,문화예술로,,,,yes,,,84.48
688576588,tertiary,문화예술로,,,,yes,,,74.53
688576589,tertiary,문화예술로,,,,,,,11.13
688576590,residential,백운중앙로2길,,,,,,,182.34
688576591,tertiary,백운중앙로,,,,,,,52.71
688576592,residential,백운중앙로,,,,,,,191.72
688576593,tertiary,,,,,,yes,,37.54
688576594,tertiary,바라산로,,,,,,,141.23
688576595,tertiary,바라산로,,,,,,,214.48
688576596,tertiary,바라산로,,,,,,,124.14
688576597,tertiary,백운호수로,,,,,,,165.76
688576600,secondary,백운로,,,,,,,91.06
688576601,secondary,,,8,,,yes,,43.39
688576602,secondary,의일로,,,,,,,249.97
696548842,footway,,,,,,,,1097.29
696845969,path,,,,,,,,1067.58
696845970,path,,,,,,,,810.32
696845971,path,,,,,,,,1005.91
696845972,path,,,,,,,,216.86
696845973,path,,,,,,,,364.64
696845974,path,,,,,,,,408.04
696845975,path,,,,,,,,797.55
696845976,path,,,,,,,,2306.62
696845977,path,,,,,,,,966.67
696845980,path,,,,,,,,504.4
696845983,path,,,,,,,,1323.19
696845994,path,,,,,,,,3850.87
696857998,path,,,,,,,,1032.66
697352807,service,,,,,,,,179.95
697352838,service,,,,,,,,135.08
697352839,tertiary,가나무로,,,,no,,,168.03
697352840,tertiary,가나무로,,,,no,,,25.0
708418776,service,,,2,30,,,,184.76
708418777,service,,,2,30,,,,154.27
708418778,service,,,2,30,,,,231.97
721766125,residential,,,,,,yes,,26.84
721766126,residential,부곡중학북로,,,,,,,72.26
721766127,residential,오봉산단1로,,,,yes,,,276.4
721766128,residential,오봉산단3로,,,,yes,,,293.04
727657930,secondary,학의터널,,2,,yes,,yes,364.63
727657931,secondary,의일로,,,,,,,239.05
727657934,cycleway,학의천자전거길,,,,,,,585.76
727657935,cycleway,학의천자전거길,,,,,yes,,67.74
744533358,service,,,,,,,,101.97
744533359,service,,,,,,,yes,62.79
744533360,service,,,,,,,,91.87
744533361,service,,,,,,,,68.8
744533362,service,,,,,,,,382.43
744533363,service,,,,,,,,52.69
744533364,service,,,,,,,,156.37
761463264,secondary,,,,,,yes,,33.16
761463265,secondary,의일로,,2,,yes,,,80.11
772360138,corridor,,,,,,yes,,33.88
772360139,corridor,,,,,,,,10.13
777257872,primary,경수대로,1,,,yes,,,226.22
777257873,primary,경수대로,1,,,yes,,,85.83
777257874,primary,경수대로,1,,,yes,,,221.81
777257875,primary,경수대로,1,,,yes,,,246.1
797006602,residential,부곡중학길,,,,,,,173.59
797006603,residential,부곡중학길,,,,,,,60.0
797006604,residential,부곡중학길,,,,,,,77.57
797006605,unclassified,,,,,,,,84.78
797006606,service,,,,,,,,11.09
797006607,residential,부곡복지관길,,,,,,,80.7
797006608,residential,부곡중앙북1길,,,,,,,58.15
797006609,residential,부곡중앙북1길,,,,,,,74.79
797006610,residential,부곡중앙북3길,,,,,,,15.61
797006611,residential,까치골1길,,,,,,,56.36
797553455,service,,,,,,,,91.54
797564957,service,,,,,,,,97.7
797564967,service,,,2,30,,,,106.32
797564983,service,,,,,,,,154.63
797564992,service,,,,,,,,70.24
799328268,path,,,,,,,,686.23
799374957,path,,,,,,,,2831.43
799471922,residential,장안남북로,,,,,,,144.4
799471923,tertiary,장안로,,2,,,,,107.46
799471924,tertiary,,,1,,,,,32.6
799769574,path,한남정맥,,,,,,,978.09
800991424,trunk,봉담과천로,,,,yes,,,163.51
800993205,motorway_link,,,,,yes,,,228.38
803541554,footway,,,,,,,,10.71
803541555,service,,,,,yes,,,51.48
803541556,service,,,,,,,,32.64
803541570,residential,,,,,,,,66.45
804285824,residential,,,,,,,,147.07
804285825,residential,오봉산단3로,,,,,,,184.28
804285828,service,,,,,,,,46.86
804285829,residential,징계골길,,,,,,,46.51
804285830,residential,징계골길,,,,,yes,,23.41
804285837,residential,오봉산단3로,,,,,,,103.66
804285838,residential,,,,,,,,60.42
804285839,residential,오봉산단1로,,,,yes,,,277.2
804285840,residential,오봉산단1로,,,,,,,11.26
808171401,residential,,,,,yes,,,230.83
808596248,service,,,,,,,,18.96
808596249,unclassified,,,,,,,,32.37
808596250,unclassified,,,,,,yes,,26.66
808596263,path,,,,,,,,328.67
808596264,path,,,,,,,,291.98
808596265,path,,,,,,,,1548.02
810690670,residential,백운안길,,,,,yes,,16.04
810690671,residential,백운안길,,,,,,,456.01
810690673,residential,백운중앙로,,,,,,,266.02
810690674,residential,,,,,,yes,,24.21
810690675,residential,백운중앙로4길,,,,,,,146.86
810690676,residential,,,,,,yes,,33.12
810690679,residential,백운중앙로7길,,,,,,,10.6
810690680,residential,,,,,,yes,,28.95
810690681,tertiary,,,,,,yes,,24.65
810690682,tertiary,백운호수로,,,,,,,23.55
810690683,tertiary,백운중앙로,,,,,,,15.51
810690684,tertiary,,,,,,yes,,25.16
814355251,path,,,,,,,,671.62
814355252,residential,골사그내길,,,,,,,204.37
814355253,footway,,,,,,,,43.66
814355254,path,,,,,,,,371.31
814355255,service,대안사길,,,,,,,133.09
814355256,service,대안사길,,,,,,,712.46
814355257,service,통미마을길,,,,,,,128.18
814355258,residential,솔고개길,,,,,,,27.69
814355259,service,솔고개길,,,,,,,201.11
814355260,footway,,,,,,,,33.02
814355261,pedestrian,,,,,,,,1059.86
814355262,pedestrian,,,,,,,,48.47
814355263,tertiary,왕곡로,,,,,,,1694.42
814355264,tertiary,왕곡로,,,,,,,51.21
814355265,residential,홍치골길,,,,,,,81.25
814355266,residential,홍치골길,,,,,,,370.76
815171685,secondary,백운로,,2,30,,,,177.97
815171686,secondary,백운로,,,,,,,602.8
815171687,track,,,,,,,,11.13
815171688,track,,,,,,,,106.82
815171690,residential,사나골길,,,,,,,197.69
815171691,residential,사나골길,,,,,,,143.75
815171692,residential,오매기중간길,,,,,,,420.15
815171693,path,,,,,,,,432.13
815171694,path,,,,,,,,2876.04
815171695,path,,,,,,,,295.82
815171696,path,,,,,,,,147.52
815177612,path,,,,,,,,517.56
815177613,track,,,,,,,,179.36
815177614,track,,,,,,,,289.13
815177615,track,,,,,,yes,,9.74
815177616,residential,능안길,,,,,,,512.81
815177617,residential,능안길,,,,,,,497.15
815177618,service,,,,,,,,401.24
815177619,path,,,,,,,,360.53
815177620,tertiary,문화예술로,,,,,,,91.15
815177621,secondary,백운로,,,,,,,386.53
815177622,secondary,백운로,,,,,,,95.66
815177623,footway,,,,,,,,21.46
815177624,footway,백운호수둘레길,,,,,yes,,310.2
815177625,steps,,,,,,,,81.29
815177626,footway,,,,,,,,15.36
815177627,footway,,,,,,yes,,14.38
815177628,footway,,,,,,,,48.9
815177629,footway,,,,,,yes,,26.09
815177630,cycleway,학의천자전거길,,,,,,,253.3
815177631,cycleway,학의천자전거길,,,,,yes,,13.96
815177632,cycleway,학의천자전거길,,,,,,,203.08
815177633,cycleway,학의천자전거길,,,,,,,217.52
815177634,footway,,,,,,,,10.73
815177635,footway,,,,,,,,1004.55
815177636,footway,,,,,,yes,,21.41
815552306,service,골사그내길,,,,,,,54.01
815630769,residential,평의길,,,,,,,124.93
820792218,steps,,,,,,,,19.19
820792222,track,,,,,,,,92.08
820792224,residential,도룡마을길,,,,,yes,,8.38
823396394,pedestrian,,,,,,,,77.29
823396396,pedestrian,,,,,,,,4.36
823396397,footway,,,,,,,,5.27
823396398,footway,,,,,,yes,,26.02
823703537,service,,,,,,,,105.74
823703539,residential,,,,,yes,,,60.75
826470561,residential,,,,,,,,131.69
826470563,residential,광진말로,,,,,,,300.93
826470564,residential,광진말로,,,,,,,375.38
826470566,residential,,,,,,,,89.35
826470567,residential,광진말1로,,,,,,,249.85
828789243,unclassified,,,,,,,,16.72
833812837,footway,,,,,,,,3.76
833812838,footway,,,,,,yes,,20.91
833812842,unclassified,,,,,,yes,,11.62
834154163,track,,,,,,,,340.31
834160192,residential,광진말안길,,,,,,,41.92
834160193,residential,광진말안길,,,,,,,67.76
834160194,residential,광진말안1길,,,,,,,67.13
834160195,residential,광진말안길,,,,,,,78.41
834160196,residential,광진말안길,,,,,,,177.58
834160197,residential,광진말안2길,,,,,,,78.41
834160198,residential,광진말안3길,,,,,,,110.84
834160199,residential,광진말1로,,,,,,,421.74
834160200,residential,,,,,,,,190.93
834160201,residential,,,,,,,,124.96
834169729,footway,,,,,,,,406.84
834462553,residential,새터말윗길,,,,,,,418.67
834550813,construction,,,,,,,,46.74
835252919,footway,,,,,,yes,,2.61
835410665,corridor,,,,,,,,5.83
835410666,corridor,,,,,,yes,,1.58
839202306,cycleway,안양천 자전거도로,,,,,yes,,18.96
839285934,footway,,,,,,,,38.13
839285938,service,,,,,,,,61.39
839286568,service,,,,,,,,73.62
839286569,service,,,,,,,,5.69
839286570,service,,,,,,,,8.86
839819107,footway,,,,,,,,82.98
839819108,pedestrian,,,,,,,,56.27
839819110,footway,,,,,,,,44.71
839819111,footway,,,,,,,,51.96
839819112,pedestrian,,,,,,,,48.55
839819115,pedestrian,,,,,,,,14.47
843383549,residential,문화공원로,,,,,,,252.3
856820607,cycleway,학의천자전거길,,,,,,,119.87
861232278,steps,,,,,,yes,,13.94
861232279,footway,,,,,,yes,,7.19
861232280,steps,,,,,,yes,,12.15
867211544,footway,,,,,,,,20.79
867211547,footway,,,,,,,,47.58
867211565,footway,,,,,,,,47.05
867211566,footway,,,,,,,,38.66
867211567,service,,,,,yes,,,95.08
867211568,service,,,,,yes,,,85.15
867211571,residential,,,,,,,,71.82
867211572,residential,행복마을3로,,,,,,,47.83
867211573,residential,행복마을3로,,,,,yes,,27.84
867211574,residential,행복마을3로,,,,,,,91.71
867211575,residential,행복마을3로,,,,,,,166.62
867956903,unclassified,,,,,,,,68.62
867956904,unclassified,,,,,,yes,,17.23
867956905,footway,,,,,,,,69.58
867956906,footway,,,,,,,,192.12
867956907,footway,,,,,,,,120.54
867956908,footway,,,,,,,,3.61
868307124,cycleway,,,,,,,,18.67
877830124,path,,,,,,,,2751.23
882167790,service,,,,,,,,47.66
885485262,unclassified,,,,,,,,194.42
885485263,footway,,,,,,,,46.03
885485264,footway,,,,,,,,73.0
885485265,footway,,,,,,,,104.86
885485266,footway,,,,,,,,51.17
885485267,footway,,,,,,,,60.87
885485270,footway,,,,,,,,491.75
885485271,footway,,,,,,,,6.63
885485272,footway,,,,,,,,506.11
885485273,footway,,,,,,,,52.41
885485276,track,,,,,,,,399.65
885485277,construction,,,,,,,,95.72
885485278,unclassified,월암새터마을길,,,,,,,71.35
885485279,unclassified,월암새터마을길,,,,,,,146.12
885808221,service,,,,,,,,19.67
885808222,residential,행복마을4길,,,,,yes,,18.42
885808223,steps,,,,,,,,24.8
885808224,footway,,,,,,,,188.73
885808225,service,,,,,,,,377.53
885808226,residential,행복마을4길,,,,,,,185.53
885808227,residential,행복마을로,,,,,,,157.88
906048525,unclassified,,,,,,,,470.44
906048526,service,,,,,,,,321.78
906048527,tertiary,청계로,,,,,,,672.17
909818582,service,,,,,yes,,,93.57
909818583,residential,오봉산단3로,,,,,,,77.42
909818584,residential,,,,,,yes,,26.06
909818587,service,,,,,,,,50.64
909818588,tertiary,초평로,,2,,,,,399.39
909818589,residential,윗새우대길,,,,,,,120.42
909818590,residential,윗새우대길,,,,,,,716.96
909818593,tertiary,왕송못동로,,,,,,,252.55
909818594,tertiary,철도박물관로,,,,no,,,7.49
909818595,tertiary,장안로,,2,,,,,277.47
909818596,residential,부곡시장길,,,,,,,117.32
909818597,residential,부곡중앙남6길,,,,,,,44.72
909818598,tertiary,오봉로,,,,yes,,,509.87
909818599,residential,오봉산단1로,,,,,,,51.93
909818600,tertiary,오봉로,,,,yes,,,278.75
909818604,footway,,,,,,,,24.45
909818605,footway,,,,,,,,34.77
909818606,footway,,,,,,,,96.98
909818607,service,,,,,,,,17.37
910663741,tertiary,오전로,,,,,,,546.47
910663742,primary,경수대로,1,,,yes,,,237.68
910663743,tertiary,고산로,,,,no,,,20.19
910663747,tertiary,고산로,,,,no,,,399.79
910663748,primary,경수대로,1,,,yes,,,209.81
910663749,tertiary,오봉로,,,,,,,92.92
910663750,service,,,,,,,,35.9
910715494,path,,,,,,,,212.68
913835927,service,,,,,,,,78.44
913835930,footway,,,,,,,,93.57
913835931,footway,,,,,,,,24.98
913835932,footway,,,,,,,,26.67
913835933,footway,,,,,,,,38.3
913835934,footway,,,,,,,,36.6
913835935,steps,,,,,,,,13.61
913835937,footway,,,,,,,,201.95
913835938,footway,,,,,,,,12.92
913835940,footway,,,,,,,,43.29
913835941,footway,,,,,,,,12.67
913835942,pedestrian,,,,,,,,11.49
913835943,footway,,,,,,,,77.86
913835945,steps,,,,,,,,19.84
913835947,service,,,,,,,,17.29
913835949,footway,,,,,,,,43.46
913835950,footway,,,,,,,,171.91
913835951,footway,,,,,,,,11.67
913835952,footway,,,,,,,,11.31
913839885,footway,,,,,,,,9.71
913868827,service,,,,,,,yes,6.52
914076670,service,,,,,,,,31.51
914076671,pedestrian,,,,,,,,423.1
914299975,pedestrian,,,,,,,,208.13
914299976,pedestrian,,,,,,,,15.13
914299977,pedestrian,,,,,,,,12.81
914299978,pedestrian,,,,,,,,8.19
914299979,pedestrian,,,,,,,,204.29
914299987,pedestrian,,,,,,,,21.65
914299992,pedestrian,,,,,,,,69.43
914390202,steps,,,,,,,,17.02
914390206,footway,,,,,,,,25.59
914589084,footway,,,,,,,,6.09
915375618,footway,,,,,,,,24.78
915375619,footway,,,,,,yes,,8.78
915375620,footway,,,,,,,,6.95
916121937,service,,,,,yes,,,29.04
916121938,tertiary,문화예술로,,,50,,,,952.9
916121939,service,,,,,,,,19.57
916121940,service,,,,,,,,36.66
916121941,service,,,,,,,,3.87
923043378,track,,,,,,,,386.84
923043379,track,,,,,,,,119.91
923582669,path,,,,,,,,3.48
923582670,path,,,,,,yes,,3.53
923582671,footway,,,,,,,,13.36
923582672,footway,,,,,,yes,,8.84
923582676,footway,,,,,,,,6.88
923582677,footway,,,,,,yes,,8.53
923582678,footway,,,,,,,,43.43
923582679,footway,,,,,,yes,,9.99
929197039,tertiary,학현로,,,,,,,245.4
929197040,tertiary,,,,,,yes,,14.7
929197041,tertiary,학현로,,,,,,,436.37
929197042,tertiary,,,,,,yes,,12.64
929197046,tertiary,계원대학로,,2,,,,,119.48
929197047,residential,,,,,,,,39.93
929197048,residential,,,,,,,,468.22
929197049,tertiary,학현로,,,,,,,372.87
929197050,tertiary,학현터널,,,,,,yes,39.73
929197051,unclassified,,,,,,,,165.62
929197052,residential,새터말길,,,,,,,191.98
929197053,residential,,,,,,,,146.11
929197054,residential,새터말길,,,,,,,336.68
929197057,tertiary,포일로,,5,,,,,109.54
938232240,track,,,,,,,,483.47
938232241,track,,,,,,,,270.03
938310596,path,,,,,,,,98.57
944078916,footway,,,,,,,,36.58
944078917,service,,,,,,,,33.43
944078919,service,,,,,,,,65.01
944078920,footway,,,,,,,,99.36
947147016,service,,,,,,,,79.48
947147017,service,,,,,,,,103.81
947147018,service,,,,,,,,98.1
947147019,service,,,,,,,,133.09
947147024,steps,,,,,,,,19.07
947147025,footway,,,,,,yes,,45.39
947147026,steps,,,,,,,,17.0
947147028,construction,,,,,,,,170.35
947147029,residential,시청중심5로,,,,,,,176.17
947147030,tertiary,안골로,,,,,,,376.96
952508032,footway,,,,,,,,15.98
952831910,residential,부곡초등3길,,,,,,,165.52
954184391,tertiary,장안중앙로,,3,,,,,29.68
954186382,tertiary,장안중앙로,,3,,,,,94.68
954186493,tertiary,장안중앙로,,3,,,,,53.6
954187513,tertiary,장안로,,2,,,,,118.01
955971705,secondary,덕영대로,,,,yes,yes,,17.32
955971706,tertiary,덕영대로,,,,yes,,,531.86
955971707,tertiary,덕영대로,,,,yes,,,531.54
955971708,secondary,덕영대로,,,,yes,yes,,17.55
955971710,path,,,,,,,,98.14
955971711,service,,,,,,,,72.49
957009096,path,,,,,,,,140.69
957009098,path,,,,,,,,158.13
957009099,trunk,봉담과천로,309,,90,yes,,,239.82
957009100,trunk,봉담과천로,309,,90,yes,,yes,16.02
957009101,trunk,봉담과천로,309,,90,yes,,yes,15.84
957009102,trunk,봉담과천로,309,,90,yes,,,248.22
958770087,service,,,,,,,,7.74
958770088,service,,,,,,,,16.85
963511470,unclassified,경수대로391번길,,,,,,,165.81
963511471,unclassified,,,,,,,,122.26
963511472,tertiary_link,,,,,yes,,,74.04
963511473,tertiary_link,,,,,yes,,,100.93
963511474,tertiary_link,,,,,yes,,,72.83
963511478,tertiary,가구단지길,,,,,,,298.92
963511479,tertiary,포도원로,,,,,,,127.07
964815262,footway,,,,,,,,501.0
964815263,residential,,,,,,,,45.74
965501941,path,,,,,,,,533.36
965501942,path,,,,,,,,613.68
965501943,track,바라산숲길,,,,,,,3851.99
965501944,residential,백운중앙로,,,,,,,83.33
965501945,service,,,,,,,,20.65
965501946,service,,,,,,yes,,31.23
965501947,service,,,,,,,,11.57
965501948,footway,,,,,,,,39.04
965501949,footway,,,,,,,,56.13
965501950,footway,,,,,,,,59.8
965501951,footway,,,,,,,,42.27
965501953,footway,,,,,,,,39.21
965501954,footway,,,,,,,,48.48
965501955,path,,,,,,,,849.99
965501956,path,,,,,,,,1004.69
965501957,path,,,,,,,,715.55
965501958,footway,,,,,,,,26.1
965501959,footway,,,,,,,,54.43
965501960,footway,,,,,,,,58.46
965501961,footway,,,,,,,,97.87
965501962,footway,,,,,,,,70.11
965501963,footway,,,,,,,,60.08
965501964,footway,,,,,,,,754.99
965501965,footway,,,,,,,,756.7
965501967,pedestrian,,,,,,,,120.24
965501968,secondary_link,,,,,yes,,,23.66
965501969,secondary_link,,,,,yes,,,27.23
965501970,secondary_link,,,,,yes,,,28.25
965501971,residential,백운중앙로3길,,,,,,,150.9
965501972,residential,백운중앙로1길,,,,,,,109.28
965501975,residential,,,,,,,,94.82
965501976,residential,,,,,yes,,,59.06
965501977,service,,,,,,,,90.49
965501978,service,,,,,,yes,,40.92
965501979,service,,,,,,,,12.92
969459702,construction,,,,,,,,51.03
969459703,construction,,,,,,,,42.87
969459704,track,,,,,,,,82.51
969459705,residential,,,,,,,,45.27
969459706,service,,,,,,,,42.59
973519438,cycleway,청계천 자전거길,,,,,,,587.27
973519439,residential,옥박골동길,,,,,yes,,51.3
973519440,residential,옥박골동길,,,,,,,157.52
973519441,cycleway,청계천자전거길,,,,no,,,869.6
973519442,residential,옥박골동길,,,,,,,44.09
975226247,footway,,,,,,,,93.48
975226248,cycleway,학의천자전거길,,,,,,,51.1
982330968,residential,봇들4길,,,,,,,97.38
983745008,residential,,,,,,,,389.79
983745087,residential,가구단지길,,,,,,,75.35
983745088,service,,,,,,,,223.44
1002456405,secondary,학의터널,,2,,yes,,yes,360.25
1002456406,secondary,의일로,,2,,yes,,,84.41
1002456407,secondary,의일로,,2,,yes,,,189.75
1002456408,secondary,의일로,,2,,yes,,,169.5
1011392093,residential,청백리로,,,,,,,112.36
1011392701,footway,,,,,,,,17.22
1017096110,footway,,,,,,,,45.18
1017096111,residential,부곡중앙남3길,,,,,,,13.34
1017097029,service,,,,,,,,47.69
1017097030,service,,,,,,,,59.08
1023621463,footway,,,,,,,,43.28
1023621473,residential,부곡중앙남3길,,,,,,,15.84
1025713625,path,,,,,,,,131.11
1026024642,cycleway,왕곡천 자전거길,,,,,,,1128.35
1026024643,unclassified,,,,,,,,7.18
1026024644,path,,,,,,,,14.04
1026024645,steps,,,,,,,,9.38
1026024646,steps,,,,,,,,5.93
1026024647,path,,,,,,yes,,7.52
1026024648,path,,,,,,,,4.84
1026024649,track,,,,,,,,346.91
1026024650,track,,,,,,,,140.48
1026565957,footway,,,,,,,,993.8
1027314374,footway,,,,,,,,30.29
1027314375,footway,,,,,,,,31.5
1027314376,tertiary,왕곡로,,,,,,,68.48
1027314377,footway,,,,,,,,21.69
1027314378,footway,,,,,,yes,,16.88
1027314380,service,,,,,,,,129.69
1027314381,footway,,,,,,,,44.8
1027314382,residential,부곡시장1길,,,,,,,73.09
1027314385,path,,,,,,,,78.08
1027314386,path,,,,,,,,85.76
1027314387,path,,,,,,,,9.08
1027314388,path,,,,,,,,4.9
1027314389,path,,,,,,,,140.81
1027314390,path,,,,,,,,44.83
1027314391,path,,,,,,,,60.96
1027314392,path,,,,,,,,113.24
1027314393,path,,,,,,,,286.47
1027314394,path,,,,,,,,13.36
1027314395,path,,,,,,,,118.24
1027314396,path,,,,,,,,103.29
1027314397,path,,,,,,,,57.18
1028967577,path,,,,,,,,236.97
1028967578,path,,,,,,,,57.51
1028967579,path,,,,,,yes,,11.94
1028967580,path,,,,,,,,2.49
1028967581,path,,,,,,,,1.56
1028967582,path,,,,,,yes,,9.06
1028967583,path,,,,,,,,2.57
1028967584,path,,,,,,,,2.69
1028967585,path,,,,,,yes,,11.74
1028967586,path,,,,,,,,3.25
1028967587,path,,,,,,,,3.09
1028967588,path,,,,,,,,40.1
1028967589,path,,,,,,yes,,13.43
1028967590,path,,,,,,,,2.91
1028967591,path,,,,,,,,3.12
1028967592,path,,,,,,yes,,12.7
1028967593,path,,,,,,,,2.63
1028967594,path,,,,,,,,2.46
1028967595,service,,,,,,,,411.9
1028967598,path,,,,,,,,259.15
1028967599,residential,학현로,,,,,,,411.79
1028967600,service,,,,,,,,105.83
1028967601,service,,,,,,,,16.26
1028967602,service,,,,,,yes,,25.45
1028967603,path,,,,,,,,71.73
1028967604,path,,,,,,,,534.05
1028967605,track,,,,,,,,44.2
1028967606,track,,,,,,yes,,26.83
1028967607,path,,,,,,,,462.92
1028967608,path,,,,,,,,312.96
1028967609,path,,,,,,yes,,13.98
1028967610,path,,,,,,,,148.78
1028967611,path,,,,,,yes,,18.32
1028967612,service,오솔길,,,,,,,100.15
1028967613,service,오솔길,,,,,yes,,17.32
1028967614,service,,,,,,,,85.58
1028967615,service,,,,,,yes,,18.53
1028967616,path,,,,,,,,32.01
1028967617,service,,,,,,,,162.06
1028967618,service,,,,,no,,,51.54
1028967619,service,,,,,no,yes,,42.17
1028967620,service,,,,,,yes,,16.53
1033173849,residential,오봉산단1로,,,,yes,,,6.86
1033173850,residential,,,,,yes,yes,,16.4
1033173851,residential,오봉산단1로,,,,yes,,,5.8
1033173852,residential,,,,,yes,yes,,12.52
1033173854,residential,,,,,yes,yes,,12.28
1033173856,footway,,,,,,,,36.22
1033173857,footway,,,,,,,,56.32
1033173858,footway,,,,,,,,108.76
1033173859,footway,,,,,,,,75.7
1033173860,footway,,,,,,,,185.83
1033173861,steps,,,,,,,,20.22
1033173862,footway,,,,,,yes,,17.8
1033173863,footway,,,,,,,,43.46
1033173864,footway,,,,,,,,206.26
1052910961,service,,,,,,,,288.16
1052910963,path,,,,,,,,211.0
1052910964,path,,,,,,,,132.76
1052910965,path,,,,,,,,315.44
1052910966,path,,,,,,,,202.24
1052910967,path,,,,,,,,82.24
1052910968,service,,,,,yes,,,105.5
1052910970,path,,,,,,,,1035.74
1052910971,service,,,,,yes,,,41.99
1052910972,service,,,,,yes,,,58.4
1058915429,path,,,,,,,,45.62
1058915430,path,,,,,,,,111.83
1058915432,footway,,,,,,,,70.49
1093290312,living_street,,,,10,no,,,123.48
1093290313,living_street,,,,,,,,424.37
1093290314,living_street,,,,,,,,102.28
1093290315,living_street,,,,,,,,116.5
1106498882,residential,천왕골길,,,,,,,125.41
1108834679,steps,,,,,,,,101.97
1108834680,path,,,,,,,,856.6
1108834681,path,,,,,,,,293.37
1116689110,path,,,,,,,,1392.66
1116689111,steps,바라365희망계단,,,,,,,125.42
1120968621,path,,,,,,,,1144.02
1120968623,path,,,,,,,,167.12
1120968624,service,,,,,,,,46.4
1122108064,path,,,,,,,,2775.52
1122108065,path,,,,,,,,1541.62
1122831371,path,,,,,,,,84.68
1123264292,path,,,,,,,,539.19
1123264293,path,,,,,,,,1683.46
1123264294,path,,,,,,,,1484.25
1125559711,motorway_link,,,,,yes,,,44.52
1125559712,motorway_link,,,,,yes,,,63.24
1126477116,motorway_link,,,1,,yes,,,541.6
1126477117,service,,,,,,,,403.98
1126477118,motorway_link,,,,,yes,,,968.54
1126477119,motorway_link,,,,,yes,,,372.0
1126477120,motorway_link,,,,,yes,,,387.98
1126477121,motorway_link,,,,,yes,,yes,71.95
1126477122,motorway_link,,,,,yes,,,406.7
1126477123,service,,,,,,,,174.3
1126477124,service,,,,,,,yes,34.74
1126602599,motorway_link,,,,,yes,,,222.84
1126602600,motorway_link,,,,,yes,yes,,35.71
1135570821,path,,,,,,,,1121.63
1135570822,path,,,,,,,,1050.69
1135570824,path,,,,,,,,363.85
1135570825,path,,,,,,,,195.9
1135570826,path,,,,,,,,1200.81
1135570827,path,,,,,,,,984.55
1135570828,path,,,,,,,,136.73
1135570829,path,,,,,,,,316.71
1135570830,path,,,,,,,,1562.19
1135570831,path,,,,,,,,99.68
1135570833,path,,,,,,,,647.67
1135570834,path,,,,,,,,232.13
1135570835,pedestrian,,,,,,,,132.1
1135609170,path,,,,,,,,1050.83
1148729913,footway,,,,,,,,25.28
1155264063,service,,,,,,,,5.88
1155264064,service,,,,,,yes,,12.49
1155264065,service,,,,,,,,4.01
1155264066,service,,,,,,yes,,15.53
1155264067,service,,,,,,,,2.18
1156284328,tertiary,,,,,no,,,315.96
1156284329,motorway_link,,,1,,yes,,,55.29
1156284330,motorway_link,,,1,,yes,,,41.89
1156284331,tertiary_link,,,1,,yes,,,77.25
1156284332,tertiary_link,,,1,,yes,,,81.43
1184923370,path,,,,,,,,180.6
1184923373,unclassified,한남정맥,,,,,,,113.23
1184923374,path,한남정맥,,,,,,,180.26
1184923389,path,한남정맥,,,,,,,100.74
1184923392,path,한남정맥,,,,,,,9.82
1186451174,path,,,,,,,,418.08
1186451175,path,,,,,,yes,,29.22
1186451176,residential,,,,,,,,213.32
1187715965,service,통미마을길,,,,,yes,,13.8
1187715966,residential,,,,,,yes,,10.29
1187715967,residential,,,,,,,,37.22
1187715968,residential,솔고개길,,,,,yes,,18.32
1187715969,track,,,,,,yes,,14.98
1187715970,track,,,,,,,,143.75
1187715976,track,,,,,,,,230.2
1187715978,path,,,,,,,,1122.51
1187715993,path,,,,,,,,1182.66
1187715995,path,,,,,,,,1948.0
1187716001,path,한남정맥,,,,,,,913.64
1187716004,path,한남정맥,,,,,,,192.88
1187731097,path,한남정맥,,,,,,,324.11
1187796134,service,솔고개길,,,,,,,680.96
1194041204,residential,,,,,,,,348.81
1194041205,secondary,의일로,,6,,,,,82.45
1194041206,service,,,,,yes,,,292.18
1194041207,service,,,,,,,,56.45
1194041208,service,,,,,yes,,,318.33
1194779134,residential,,,,,,,,100.61
1194779135,secondary,의일로,,,,,,,24.36
1194779137,unclassified,,,,,,,,375.36
1194779138,service,,,,,,,,43.1
1194779139,service,,,,,,,,164.71
1194779140,service,,,,,,,,65.24
1194779141,service,,,,,,,,135.78
1194779142,service,,,,,,,,117.77
1194779143,service,,,,,,,,31.41
1194779144,service,,,,,,,,7.69
1194779145,service,,,,,,yes,,14.43
1194779146,service,학현로,,,,,,,159.02
1194779147,living_street,,,,,,,,134.03
1194779148,living_street,,,,,,,,55.83
1194779149,service,,,,,,,,106.42
1194779150,service,,,,,,,,35.69
1194779151,service,,,,,,,,38.31
1194779152,service,,,,,,,,48.61
1194779153,service,,,,,,,,28.12
1194779154,secondary_link,,,,,yes,,,52.74
1194779155,secondary,의일로,,7,,,,,32.65
1194779156,tertiary,학현로,,,,,,,50.62
1194779157,secondary_link,,,,,yes,,,46.2
1194779158,tertiary,학현로,,,,,,,386.88
1194779159,secondary,의일로,,,,,,,41.59
1194779160,secondary,의일로,,,,,,,21.36
1194779161,residential,학현로,,,,,,,242.16
1194779162,unclassified,,,,,,,,172.72
1194779163,secondary_link,,,,,yes,,,33.88
1194779164,tertiary,문화예술로,,,,yes,,,22.44
1194779165,secondary,백운로,,,,,,,32.6
1194779166,living_street,,,,,,,,92.2
1194779167,unclassified,,,,,,,,19.58
1194779168,unclassified,,,,,,yes,,13.77
1194779169,secondary,백운로,,,,,,,52.63
1194779170,secondary_link,,,,,yes,,,24.81
1194779171,tertiary,학의로,,,,no,,,42.92
1194779172,secondary,백운로,,,,,,,30.75
1194779173,secondary,백운로,,,,,yes,,23.62
1194779174,cycleway,,,,,yes,,,85.13
1194779175,footway,,,,,,,,19.03
1194779176,cycleway,,,,,,,,88.31
1194779177,cycleway,,,,,yes,,,92.28
1194779178,cycleway,,,,,,,,109.9
1194779179,cycleway,,,,,,,,36.21
1194779180,cycleway,,,,,,,,4.75
1194779183,service,,,,,,,,72.6
1194779184,service,,,,,,,,40.01
1194779185,unclassified,,,,,yes,,,16.35
1194779186,unclassified,,,,,no,,,13.79
1194779187,footway,,,,,,yes,,34.01
1194779188,residential,,,,,,,,138.8
1194779189,service,,,,,,,,107.94
1194779190,service,,,,,,,,100.85
1194779191,residential,벌모루길,,,,,,,963.28
1194779193,service,,,,,,,,168.13
1194779194,service,,,,,,,,115.49
1194779195,residential,,,,,,,,614.16
1194779196,living_street,,,,,,,,289.25
1194779197,service,,,,,,,,162.82
1194779198,service,,,,,,,,536.35
1194779199,service,,,,,,,,279.37
1194779200,service,,,,,,,,364.98
1194779201,service,,,,,,,,1071.68
1194779202,service,,,,,,,,187.69
1194779203,service,,,,,,,,109.66
1194779204,service,,,,,,,,117.87
1194779205,service,,,,,,,,117.84
1194779206,service,,,,,,,,117.86
1194779207,service,,,,,,,,536.68
1194779208,service,,,,,,,,142.09
1194779209,living_street,,,,,,,,55.11
1194779210,living_street,,,,,,,,110.87
1194779211,living_street,,,,,,,,207.63
1194779212,living_street,,,,,,,,141.07
1194779213,living_street,,,,,,,,34.2
1194779214,living_street,,,,,,,,93.43
1194779215,living_street,,,,,,,,244.63
1194779216,service,,,,,,,,60.05
1194779217,service,,,,,,,,112.23
1194779218,service,,,,,,,,408.43
1202860774,tertiary,청계로,,,,,,,624.99
1202860775,tertiary,청계로,,,,,,,65.72
1202860776,cycleway,,,,,,yes,,28.11
1202860777,cycleway,,,,,,yes,,28.85
1202860778,cycleway,청계천자전거3길,,,,,,,604.26
1202860779,service,,,,,,,,17.76
1202860780,service,,,,,,yes,,20.03
1207910406,residential,도룡마을길,,,,,,,23.13
1211183376,service,,,,,,,yes,40.26
1211183377,service,,,,,,,,249.31
1211183378,service,,,,,,,,335.77
1212265704,primary_link,,,,,yes,,,75.6
1212265705,primary_link,,,,,yes,,,79.56
1212265706,primary_link,,,,,yes,,,83.39
1212265707,primary_link,,,,,yes,,,74.27
1212265708,service,,,,,,,,143.36
1212265709,service,,,,,,,,139.91
1212265710,service,,,,,,,,483.62
1212265711,service,,,,,,,,138.35
1212265712,service,,,,,,,,53.59
1212265713,tertiary,성고개로,,,,yes,,,470.98
1212265714,tertiary,성고개로,,,,,,,134.17
1212265715,service,,,,,,,,306.03
1212265716,service,,,,,,,,165.92
1212265717,service,,,,,,,,23.83
1212265718,service,,,,,,,,41.49
1212265719,service,,,,,,,,285.02
1212265720,footway,,,,,,,,401.52
1212265721,tertiary_link,,,,,yes,,,42.98
1212265722,unclassified,고천공업로,Gocheongongeop-ro,,,yes,,,78.91
1212265724,unclassified,,,,,yes,,,25.72
1212265725,tertiary_link,,,,,yes,,,80.39
1212265726,residential,,,,,yes,,,40.43
1219935229,living_street,,,1,,,,,128.63
1219935230,living_street,,,1,,,,,22.05
1219935231,living_street,,,1,,,,,129.42
1219935232,living_street,,,1,,,,,56.41
1219935233,living_street,,,1,,,,,52.09
1219935234,living_street,,,1,,,,,148.8
1219935235,living_street,,,1,,,,,28.35
1219936015,living_street,,,1,,,,,132.74
1219936016,living_street,,,1,,,,,94.73
1219936017,living_street,,,1,,,,,33.42
1219936018,living_street,,,1,,,,,94.06
1220188606,footway,,,,,,yes,,43.09
1220188607,footway,,,,,,yes,,13.68
1220188608,footway,,,,,,yes,,12.52
1224608699,trunk,봉담과천로,309,,90,yes,,,135.03
1224608700,trunk,봉담과천로,309,,90,yes,,,310.17
1224608701,primary,경수대로,1,,70,yes,,,302.38
1225329741,service,,,,,,,,260.74
1225329742,service,,,,,,,yes,69.03
1225329743,path,,,,,,,,579.46
1226129352,steps,,,,,,,,18.97
1228546876,unclassified,,,,,,yes,,29.88
1228546877,unclassified,,,,,,,,297.33
1228546878,unclassified,,,,,,yes,,13.6
1228546879,path,,,,,,yes,,12.59
1228546880,footway,,,,,,,,69.96
1228546881,path,,,,,,yes,,34.4
1228546882,footway,,,,,,,,104.17
1228546883,path,,,,,,yes,,11.99
1228546884,footway,,,,,,,,159.45
1228546891,path,,,,,,boardwalk,,31.18
1228546892,path,,,,,,,,38.2
1228546893,path,,,,,,,,70.11
1228546894,path,,,,,,yes,,14.39
1228546895,path,,,,,,yes,,8.95
1228546896,path,,,,,,,,314.64
1228546897,track,,,,,,,,463.78
1228546898,track,,,,,,,,1154.14
1228546899,steps,,,,,,,,36.85
1228546900,track,,,,,,,,17.05
1228546901,path,,,,,,,,343.46
1228546902,track,,,,,,,,90.42
1228546903,path,,,,,,boardwalk,,480.64
1228546904,path,,,,,,,,220.78
1230236668,path,,,,,,,,35.75
1230236671,service,백운로,,,,,,,106.23
1230236672,path,,,,,,,,664.76
1230236673,footway,,,,,,boardwalk,,15.07
1230236674,footway,,,,,,,,167.44
1230236675,footway,,,,,,boardwalk,,50.72
1230236676,footway,,,,,,boardwalk,,149.65
1230236677,footway,,,,,,boardwalk,,80.56
1230236678,path,,,,,,,,419.26
1230236679,service,,,,,,,,64.89
1230236680,service,,,,,,,,151.27
1230236681,path,,,,,,,,533.52
1230236682,service,,,,,,,yes,84.83
1230236683,service,,,,,,,,43.98
1230236684,service,,,,,,,,113.88
1230236685,path,,,,,,,,376.8
1230236686,path,,,,,,,,160.64
1230236687,path,,,,,,,,213.06
1231690969,living_street,,,,,,,,32.54
1231690973,living_street,,,,,,,,49.27
1231691004,track,,,,,,,,44.56
1231691009,track,백운로,,,,,,,212.03
1231691010,track,백운로,,,,,,,48.75
1231691011,track,백운로,,,,,yes,,9.41
1231691012,path,,,,,,,,202.85
1231691013,residential,사나골길,,1,,,,,14.24
1231691014,residential,사나골길,,1,,,yes,,15.54
1231691015,tertiary,백운로,,2,30,,,,44.59
1231691016,tertiary,백운로,,2,30,,yes,,14.86
1231696379,track,백운로,,,,,,,144.42
1231696380,track,백운로,,,,,,,20.21
1231696381,track,백운로,,,,,yes,,9.0
1231696383,service,백운로,,,,,,,107.02
1231696384,service,,,,,,,,69.54
1231698996,track,,,,,,,,229.37
1233831362,service,,,,,,,,362.65
1233831363,service,,,,,,,,285.39
1235185551,motorway_link,,,,,yes,,,162.3
1235185552,primary,경수대로,1,,70,yes,,,222.04
1235185553,trunk,봉담과천로,309,,90,yes,,,318.63
1235185554,trunk,봉담과천로,309,,90,yes,,,5.85
1235185555,trunk,봉담과천로,309,,90,yes,,,168.01
1237128094,footway,백운호수둘레길,,,,,,,234.77
1237128095,footway,백운호수둘레길,,,,,yes,,2353.42
1243964515,tertiary_link,,,,,yes,,,112.34
1248776661,steps,,,,,,,,27.43
1248776662,footway,,,,,,,,207.59
1248776663,footway,,,,,,,,272.93
1248776664,footway,,,,,,,,48.36
1248776665,footway,,,,,,,,80.89
1248776667,footway,,,,,,,,8.54
1248776668,footway,,,,,,yes,,29.28
1248776669,footway,,,,,,,,27.87
1248776670,footway,,,,,,,,60.57
1250630370,motorway,,,,,,,,491.55
1252183163,residential,광진말로,,,,,,,298.65
1279615347,service,,,,,,,,255.58
1279615348,service,,,,,,,,213.94
1279615349,service,,,,,,,,107.58
1279615350,service,,,,,,,,86.43
1282330460,service,,,,,,,,278.12
1282330462,service,,,,,,,,84.68
1282330465,service,,,,,,,,429.34
1282330468,path,,,,,,,,487.98
1282330469,path,,,,,,,,10.77
1282330470,path,,,,,,,,325.31
1282330471,service,,,,,,,,895.48
1282330472,path,,,,,,,,87.41
1282330473,service,,,,,,,,182.78
1282330474,path,,,,,,,,1061.98
1282330475,service,,,,,,,,96.91
1282663021,path,,,,,,,,188.51
1289245189,track,,,,,,,,23.42
1289245190,track,,,,,,yes,,6.47
1289245193,track,,,,,,,,205.59
1289245194,track,,,,,,yes,,7.49
1289245195,track,,,,,,,,208.59
1289245196,track,,,,,,yes,,7.95
1289245197,track,,,,,,,,20.97
1289245198,track,,,,,,,,1.5
1289245199,track,,,,,,,,59.76
1289245200,track,,,,,,,,104.89
1293477860,residential,,,,,,,,60.19
1293481607,unclassified,,,,,,,,167.45
1293481608,unclassified,,,,,,,,97.98
1293952718,service,고래들길,,,,,,,98.85
1296763527,service,,,,,,,,10.97
1296763528,service,,,,,,,,126.59
1296763529,service,,,,,,,,127.0
1296763530,service,,,,,,,,5.36
1296763531,service,,,,,,,,16.64
1296763532,service,,,,,,,,4.55
1296763533,service,,,,,,,,16.4
1296763534,service,,,,,,,,4.52
1296763535,service,,,,,,,,16.26
1296763536,service,,,,,,,,4.5
1296763537,service,,,,,,,,17.45
1296763538,service,,,,,,,,153.33
1296763539,service,,,,,,,,97.11
1296763540,service,,,,,,,,39.74
1296763541,service,,,,,,,,273.71
1303082467,residential,,,,,,,,117.4
1303082468,service,,,,,,,,759.1
1310803644,service,,,,,,,,101.43
1310803645,service,,,,,,,,114.06
1310803646,service,,,,,,,,126.35
1310803647,service,,,,,,,,56.86
1310803648,service,,,,,,,,41.86
1310803649,service,,,,,,,,108.97
1311070438,service,,,,,,,,69.87
1311070440,service,,,,,,,,42.04
1311070441,service,,,,,,,,13.56
1311070445,service,,,,,,,,69.24
1311070446,service,,,,,no,,,141.07
1311070447,service,,,,,,,,119.43
1311070448,service,,,,,no,,,75.18
1311070449,service,,,,,no,,,44.46
1311070450,service,,,,,no,,,64.33
1311070456,service,,,,,,,,66.96
1311070457,service,,,,,,,,52.84
1311070458,service,,,,,no,,,71.47
1311070460,service,,,,,,,,60.29
1311070461,service,,,,,,,,29.9
1311452158,service,,,,,,,,48.94
1311452160,service,,,,,,,,113.38
1311452166,service,,,,,,,,69.01
1311682970,residential,시청중심로,,,,,,,146.69
1311682971,residential,시청중심4로,,,,,,,95.93
1311682972,construction,시청중심4로,,,,,,,105.14
1311682973,construction,시청중심로,,,,,,,101.04
1313512721,service,,,,,,,,67.01
1313512722,service,,,,,,,,27.17
1313512723,service,,,,,,,,74.66
1313512724,service,,,,,,,,74.78
1313512725,service,,,,,,,,78.67
1313512729,service,,,,,,,,61.44
1313783487,motorway,제2경인고속도로,110,3,100,yes,,,225.04
1313783489,motorway,제2경인고속도로,110,3,100,yes,,,96.31
1313797538,trunk,봉담과천로,309,,90,yes,,,159.74
1336760807,primary,,,,,,,,22.48
1346983978,secondary_link,,,,,yes,yes,,16.68
1360032103,tertiary,과천대로8길,,,,no,,,578.32
1360224295,service,,,,,,,,25.99
1377694854,path,,,,,,,,31.11
1377694855,path,,,,,,,yes,51.05
1377694856,path,,,,,,,,817.56
1377694857,path,,,,,,,,454.52
1377694859,service,,,,,,,,65.68
1377694861,path,,,,,,,,246.68
1383712541,steps,,,,,,,,37.43
1383712542,path,,,,,,,,179.14
1383712543,steps,,,,,,,,33.58
1384301595,service,,,,,yes,,,131.07
1384301596,service,,,,,,,,43.79
1384301597,service,,,,,no,,,45.61
1384500335,secondary,의일로,,8,,,,,37.62
1384500336,secondary,의일로,,7,,,,,48.41
1384500337,secondary,의일로,,7,,,,,54.7
1384500338,secondary,의일로,,8,,,,,111.38
1384500339,secondary,의일로,,7,,,,,63.39
1384500340,secondary,의일로,,9,,,,,46.66
1384500341,secondary,의일로,,8,,,,,36.46
1384500342,secondary,의일로,,8,,,,,43.41
1393431121,service,,,,,,,,158.65
1393431122,service,,,,,,,,123.66
1393431123,path,,,,,,,,915.03
1393431125,path,,,,,,,,72.04
1393431126,path,,,,,,,,4.85
1393431127,steps,,,,,,,,63.5
1393431128,path,,,,,,,,188.89
1393431129,path,,,,,,,,149.5
1393431130,path,,,,,,,,1013.13
1393431132,path,,,,,,,,834.49
1393431133,steps,,,,,,,,66.1
1393431134,path,,,,,,,,91.87
1393431135,steps,,,,,,,,39.16
1393431136,path,,,,,,,,154.07
1393431138,track,,,,,,,,264.24
1393431139,track,,,,,,,,152.8
1416977950,tertiary,백운호수로,,4,,,,,22.45
1416977951,residential,백운호수로1길,,,,,,,86.92
1417142347,tertiary,부곡교,,,,yes,yes,,61.23
1417142348,tertiary,부곡교,,,,yes,yes,,67.7
1417142349,tertiary,오봉로,,,,yes,,,46.49
1417142350,tertiary,오봉로,,,,yes,,,41.76
1417143030,tertiary,오봉로,,,,yes,,,189.04
1417143031,tertiary,오봉로,,,,yes,,,253.3
1417143032,tertiary,덕영대로,,,,yes,,,67.24
1418152114,service,오솔길,,,,,,,87.75
1418152115,service,오솔길,,,,,,yes,47.98
1418152117,motorway_link,,,,,yes,yes,,129.11
1418152118,motorway_link,,,,,yes,yes,,42.66
1418223063,path,,,,,,,,68.1
1418223064,unclassified,,,,,,,,192.71
1418223065,path,,,,,,,,835.48
1422496429,service,,,,,,,,235.56
1422496430,service,,,,,,,,30.73
1422496432,service,,,,,,,,16.58
1422496433,service,,,,,,,,42.83
1422496436,service,,,,,,,,71.85
1423270342,path,,,,,,,,307.12
1423787573,residential,,,,,,,,131.07
1443175155,path,매실길,,,,,,,592.59
1454713719,trunk,봉담과천로,309,,90,yes,,,250.33
1454713720,trunk,봉담과천로,309,,90,yes,,yes,70.17
1454713721,trunk,봉담과천로,309,,90,yes,,,248.87
1454713722,trunk,봉담과천로,309,,90,yes,,yes,70.28
1454713723,footway,,,,,,,,154.89
1454713726,trunk_link,,,,,yes,,,28.1
1454713729,secondary_link,,,,,yes,,,53.86
1454713737,motorway_link,,,,,yes,yes,,48.87
1454713738,tertiary,,,,,,,,9.55
1454713739,residential,,,,,yes,,,126.86
1454713740,residential,,,,,yes,yes,,9.68
1454713741,residential,,,,,,,,93.09
1454713743,trunk,봉담과천로,309,,90,yes,yes,,17.59
1454713744,trunk,봉담과천로,309,,90,yes,,,31.15
1454713745,trunk,봉담과천로,309,,90,yes,,,58.19
1454713746,trunk,봉담과천로,309,,90,yes,yes,,16.61
1454713747,trunk,봉담과천로,,,,yes,,,82.06
1454713748,trunk,봉담과천로,,,,yes,,,100.13
1454713749,footway,,,,,,,,127.32
1454713754,trunk,봉담과천로,309,,90,yes,,,87.66
1454713755,trunk,봉담과천로,309,,90,yes,yes,,20.07
1454713756,trunk,봉담과천로,309,,90,yes,,,80.39
1454713757,trunk,봉담과천로,309,,90,yes,yes,,20.8
1454713758,residential,봇들로,,,,,,,219.29
1454713759,residential,봇들로,,,,,yes,,9.21
1454713760,tertiary,포일세거리로,,,,,,,162.93
1454713761,tertiary,포일세거리로,,,,,yes,,9.08
1454713762,tertiary,성고개로,,4,,,,,334.12
1454713763,tertiary,성고개로,,4,,,yes,,10.17
1454721575,motorway_link,,,,,yes,yes,,52.94
1454894396,motorway_link,,,,,yes,yes,,144.14
1454894397,motorway_link,,,,,yes,yes,,137.07
1454894398,service,,,,,,,,62.92
1454894399,residential,,,,,no,,,31.46
1454894401,tertiary,계원대학로,,2,,,,,62.5
1457373339,path,,,,,,,,4.66
1457373340,path,,,,,,yes,,10.09
1457373341,path,,,,,,,,3.43
1457373342,path,,,,,,,,452.9
1457373343,path,,,,,,,,455.71
1460005181,motorway,수도권제1순환고속도로,100,4,100,yes,yes,,140.52
1460005182,motorway,수도권제1순환고속도로,100,4,100,yes,yes,,122.57
1460005183,motorway,수도권제1순환고속도로,100,4,100,yes,,,286.91
1460166815,unclassified,,,,,,,,464.0
1460188276,unclassified,,,,,,,,230.4
1460188277,service,,,,,,,,131.59
1460188278,service,,,,,,,,8.69
1460188279,service,,,,,,yes,,6.65
1460188280,service,,,,,,,,109.9
1460188281,service,,,,,,,,5.98
1460188282,service,,,,,,yes,,9.6
1460188283,service,,,,,,,,80.1
1460188284,track,,,,,,,,149.2
1460188285,residential,,,,,,,,134.26
1460188286,track,,,,,,,,76.97
1460188287,track,,,,,,,,64.18
1460188288,track,,,,,,yes,,7.94
1460188289,residential,,,,,,,,418.0
1460188290,unclassified,,,,,,,,136.2
1460188291,unclassified,,,,,,,,448.11
1460188700,construction,,,,,,,,289.61
1460188701,construction,,,,,,,,868.59
1460188705,track,,,,,,,,123.05
1460258609,footway,,,,,yes,,,40.89
1460258610,service,,,,,,,,148.79
1460258616,footway,,,,,,,,439.86
1460258617,footway,,,,,,,,423.48
1460258618,footway,,,,,,,,12.33
1460258639,tertiary,포일로,,,,,,,1026.5
1465300481,primary_link,,,,,yes,,,14.5
1465302082,primary_link,,,,,yes,,,13.23
1474045359,service,경수대로,,,,,,,137.08
1477868463,footway,,,,,,,,336.52
1477868465,footway,,,,,,,,50.59
