road_name,highway,segment_count,total_length_m,total_length_km,traffic_match,traffic_match_method,matched_route_name_norm,matched_route_no,vol_mean,vol_min,vol_max,spd_mean,trvlTime_mean,traffic_rows_used,source_road,source_traffic
봉담과천로,trunk,113,36075.86,36.076,matched,route_name_match,봉담과천로,,0.0,0.0,0.0,57.511,25.275,131,OpenStreetMap Overpass bbox query,Gyeonggi OpenAPI getRoadTrafficInfoList + getRoadInfoList(routeNo mapping)
수도권제1순환고속도로,motorway,23,16440.44,16.44,matched,route_name_match,수도권제1순환고속도로,,15.786,0.0,95.0,64.928,44.817,542,OpenStreetMap Overpass bbox query,Gyeonggi OpenAPI getRoadTrafficInfoList + getRoadInfoList(routeNo mapping)
안양판교로,primary,37,14086.52,14.087,matched,route_no_ref_match,,57,0.0,0.0,0.0,35.356,29.722,205,OpenStreetMap Overpass bbox query,Gyeonggi OpenAPI getRoadTrafficInfoList + getRoadInfoList(routeNo mapping)
제2경인고속도로,motorway,26,11875.86,11.876,matched,route_name_match,제2경인고속도로,,7.236,0.0,87.0,62.317,61.545,123,OpenStreetMap Overpass bbox query,Gyeonggi OpenAPI getRoadTrafficInfoList + getRoadInfoList(routeNo mapping)
경수대로,primary,32,10404.78,10.405,matched,route_no_ref_match,,1,3.338,0.0,107.0,40.89,32.979,1558,OpenStreetMap Overpass bbox query,Gyeonggi OpenAPI getRoadTrafficInfoList + getRoadInfoList(routeNo mapping)
덕영대로,tertiary,13,6715.46,6.715,matched,route_name_alias_match,덕영대로/오봉로,,0.0,0.0,0.0,17.5,4.5,4,OpenStreetMap Overpass bbox query,Gyeonggi OpenAPI getRoadTrafficInfoList + getRoadInfoList(routeNo mapping)
영동고속도로,motorway,16,5637.43,5.637,matched,route_name_match,영동고속도로,,1.658,0.0,71.0,60.946,51.225,409,OpenStreetMap Overpass bbox query,Gyeonggi OpenAPI getRoadTrafficInfoList + getRoadInfoList(routeNo mapping)
수원문산고속도로,motorway,4,5377.03,5.377,matched,route_no_ref_match,,17,0.937,0.0,59.0,60.777,27.718,806,OpenStreetMap Overpass bbox query,Gyeonggi OpenAPI getRoadTrafficInfoList + getRoadInfoList(routeNo mapping)
오봉로,tertiary,18,4583.34,4.583,matched,route_name_alias_match,덕영대로/오봉로,,0.0,0.0,0.0,17.5,4.5,4,OpenStreetMap Overpass bbox query,Gyeonggi OpenAPI getRoadTrafficInfoList + getRoadInfoList(routeNo mapping)
하오개로,tertiary,5,2291.28,2.291,matched,route_no_ref_match,,57,0.0,0.0,0.0,35.356,29.722,205,OpenStreetMap Overpass bbox query,Gyeonggi OpenAPI getRoadTrafficInfoList + getRoadInfoList(routeNo mapping)
흥안대로,primary,6,1943.7,1.944,matched,route_no_ref_match,,47,0.325,0.0,39.0,43.276,24.483,949,OpenStreetMap Overpass bbox query,Gyeonggi OpenAPI getRoadTrafficInfoList + getRoadInfoList(routeNo mapping)
고천지하차도,primary,8,1346.52,1.347,matched,route_no_ref_match,,1,3.338,0.0,107.0,40.89,32.979,1558,OpenStreetMap Overpass bbox query,Gyeonggi OpenAPI getRoadTrafficInfoList + getRoadInfoList(routeNo mapping)
청계졸음쉼터,rest_area,1,334.55,0.335,matched,route_no_ref_match,,100,15.786,0.0,95.0,64.928,44.817,542,OpenStreetMap Overpass bbox query,Gyeonggi OpenAPI getRoadTrafficInfoList + getRoadInfoList(routeNo mapping)
평촌지하도로,primary,1,306.2,0.306,matched,route_no_ref_match,,47,0.325,0.0,39.0,43.276,24.483,949,OpenStreetMap Overpass bbox query,Gyeonggi OpenAPI getRoadTrafficInfoList + getRoadInfoList(routeNo mapping)
경수대로,service,1,137.08,0.137,matched,route_no_ref_match,,1,3.338,0.0,107.0,40.89,32.979,1558,OpenStreetMap Overpass bbox query,Gyeonggi OpenAPI getRoadTrafficInfoList + getRoadInfoList(routeNo mapping)
흥안대로,residential,1,106.47,0.106,matched,route_no_ref_match,,47,0.325,0.0,39.0,43.276,24.483,949,OpenStreetMap Overpass bbox query,Gyeonggi OpenAPI getRoadTrafficInfoList + getRoadInfoList(routeNo mapping)
덕영대로,secondary,4,93.24,0.093,matched,route_name_alias_match,덕영대로/오봉로,,0.0,0.0,0.0,17.5,4.5,4,OpenStreetMap Overpass bbox query,Gyeonggi OpenAPI getRoadTrafficInfoList + getRoadInfoList(routeNo mapping)
한남정맥,path,12,7846.96,7.847,no_match,no_match,,,,,,,,,OpenStreetMap Overpass bbox query,Gyeonggi OpenAPI getRoadTrafficInfoList + getRoadInfoList(routeNo mapping)
학의천자전거길,cycleway,10,6514.34,6.514,no_match,no_match,,,,,,,,,OpenStreetMap Overpass bbox query,Gyeonggi OpenAPI getRoadTrafficInfoList + getRoadInfoList(routeNo mapping)
백운로,secondary,17,6072.17,6.072,no_match,no_match,,,,,,,,,OpenStreetMap Overpass bbox query,Gyeonggi OpenAPI getRoadTrafficInfoList + getRoadInfoList(routeNo mapping)
안양천 자전거길,cycleway,2,5168.53,5.169,no_match,no_match,,,,,,,,,OpenStreetMap Overpass bbox query,Gyeonggi OpenAPI getRoadTrafficInfoList + getRoadInfoList(routeNo mapping)
바라산숲길,track,1,3851.99,3.852,no_match,no_match,,,,,,,,,OpenStreetMap Overpass bbox query,Gyeonggi OpenAPI getRoadTrafficInfoList + getRoadInfoList(routeNo mapping)
청계로,tertiary,7,3567.91,3.568,no_match,no_match,,,,,,,,,OpenStreetMap Overpass bbox query,Gyeonggi OpenAPI getRoadTrafficInfoList + getRoadInfoList(routeNo mapping)
매실길,track,1,3476.93,3.477,no_match,no_match,,,,,,,,,OpenStreetMap Overpass bbox query,Gyeonggi OpenAPI getRoadTrafficInfoList + getRoadInfoList(routeNo mapping)
왕송못동로,tertiary,18,2990.65,2.991,no_match,no_match,,,,,,,,,OpenStreetMap Overpass bbox query,Gyeonggi OpenAPI getRoadTrafficInfoList + getRoadInfoList(routeNo mapping)
학현로,tertiary,11,2944.99,2.945,no_match,no_match,,,,,,,,,OpenStreetMap Overpass bbox query,Gyeonggi OpenAPI getRoadTrafficInfoList + getRoadInfoList(routeNo mapping)
백운호수둘레길,footway,3,2898.39,2.898,no_match,no_match,,,,,,,,,OpenStreetMap Overpass bbox query,Gyeonggi OpenAPI getRoadTrafficInfoList + getRoadInfoList(routeNo mapping)
철도박물관로,tertiary,16,2792.03,2.792,no_match,no_match,,,,,,,,,OpenStreetMap Overpass bbox query,Gyeonggi OpenAPI getRoadTrafficInfoList + getRoadInfoList(routeNo mapping)
학의로,tertiary,4,2585.19,2.585,no_match,no_match,,,,,,,,,OpenStreetMap Overpass bbox query,Gyeonggi OpenAPI getRoadTrafficInfoList + getRoadInfoList(routeNo mapping)
왕곡로,tertiary,5,2556.44,2.556,no_match,no_match,,,,,,,,,OpenStreetMap Overpass bbox query,Gyeonggi OpenAPI getRoadTrafficInfoList + getRoadInfoList(routeNo mapping)
성고개로,tertiary,8,2440.76,2.441,no_match,no_match,,,,,,,,,OpenStreetMap Overpass bbox query,Gyeonggi OpenAPI getRoadTrafficInfoList + getRoadInfoList(routeNo mapping)
의일로,secondary,21,2298.52,2.299,no_match,no_match,,,,,,,,,OpenStreetMap Overpass bbox query,Gyeonggi OpenAPI getRoadTrafficInfoList + getRoadInfoList(routeNo mapping)
오전로,tertiary,4,2182.36,2.182,no_match,no_match,,,,,,,,,OpenStreetMap Overpass bbox query,Gyeonggi OpenAPI getRoadTrafficInfoList + getRoadInfoList(routeNo mapping)
모락로,tertiary,6,2166.39,2.166,no_match,no_match,,,,,,,,,OpenStreetMap Overpass bbox query,Gyeonggi OpenAPI getRoadTrafficInfoList + getRoadInfoList(routeNo mapping)
청계천 자전거길,cycleway,2,2139.75,2.14,no_match,no_match,,,,,,,,,OpenStreetMap Overpass bbox query,Gyeonggi OpenAPI getRoadTrafficInfoList + getRoadInfoList(routeNo mapping)
문화예술로,tertiary,11,2114.71,2.115,no_match,no_match,,,,,,,,,OpenStreetMap Overpass bbox query,Gyeonggi OpenAPI getRoadTrafficInfoList + getRoadInfoList(routeNo mapping)
왕송못서길,tertiary,1,2083.02,2.083,no_match,no_match,,,,,,,,,OpenStreetMap Overpass bbox query,Gyeonggi OpenAPI getRoadTrafficInfoList + getRoadInfoList(routeNo mapping)
초평로,tertiary,6,1984.4,1.984,no_match,no_match,,,,,,,,,OpenStreetMap Overpass bbox query,Gyeonggi OpenAPI getRoadTrafficInfoList + getRoadInfoList(routeNo mapping)
윗새우대길,residential,3,1940.53,1.941,no_match,no_match,,,,,,,,,OpenStreetMap Overpass bbox query,Gyeonggi OpenAPI getRoadTrafficInfoList + getRoadInfoList(routeNo mapping)
징계골길,residential,4,1873.19,1.873,no_match,no_match,,,,,,,,,OpenStreetMap Overpass bbox query,Gyeonggi OpenAPI getRoadTrafficInfoList + getRoadInfoList(routeNo mapping)
오매기백운산길,residential,2,1810.16,1.81,no_match,no_match,,,,,,,,,OpenStreetMap Overpass bbox query,Gyeonggi OpenAPI getRoadTrafficInfoList + getRoadInfoList(routeNo mapping)
광교산로,unclassified,1,1699.01,1.699,no_match,no_match,,,,,,,,,OpenStreetMap Overpass bbox query,Gyeonggi OpenAPI getRoadTrafficInfoList + getRoadInfoList(routeNo mapping)
복지로,tertiary,3,1676.33,1.676,no_match,no_match,,,,,,,,,OpenStreetMap Overpass bbox query,Gyeonggi OpenAPI getRoadTrafficInfoList + getRoadInfoList(routeNo mapping)
능안길,residential,3,1669.06,1.669,no_match,no_match,,,,,,,,,OpenStreetMap Overpass bbox query,Gyeonggi OpenAPI getRoadTrafficInfoList + getRoadInfoList(routeNo mapping)
내손순환로,tertiary,3,1502.32,1.502,no_match,no_match,,,,,,,,,OpenStreetMap Overpass bbox query,Gyeonggi OpenAPI getRoadTrafficInfoList + getRoadInfoList(routeNo mapping)
고고리길,service,1,1486.09,1.486,no_match,no_match,,,,,,,,,OpenStreetMap Overpass bbox query,Gyeonggi OpenAPI getRoadTrafficInfoList + getRoadInfoList(routeNo mapping)
맑은내길,residential,2,1393.43,1.393,no_match,no_match,,,,,,,,,OpenStreetMap Overpass bbox query,Gyeonggi OpenAPI getRoadTrafficInfoList + getRoadInfoList(routeNo mapping)
고산로,tertiary,5,1298.52,1.299,no_match,no_match,,,,,,,,,OpenStreetMap Overpass bbox query,Gyeonggi OpenAPI getRoadTrafficInfoList + getRoadInfoList(routeNo mapping)
가나무로,tertiary,3,1297.39,1.297,no_match,no_match,,,,,,,,,OpenStreetMap Overpass bbox query,Gyeonggi OpenAPI getRoadTrafficInfoList + getRoadInfoList(routeNo mapping)
포일세거리로,tertiary,4,1281.19,1.281,no_match,no_match,,,,,,,,,OpenStreetMap Overpass bbox query,Gyeonggi OpenAPI getRoadTrafficInfoList + getRoadInfoList(routeNo mapping)
포일로,tertiary,4,1214.93,1.215,no_match,no_match,,,,,,,,,OpenStreetMap Overpass bbox query,Gyeonggi OpenAPI getRoadTrafficInfoList + getRoadInfoList(routeNo mapping)
시청로,tertiary,2,1183.53,1.184,no_match,no_match,,,,,,,,,OpenStreetMap Overpass bbox query,Gyeonggi OpenAPI getRoadTrafficInfoList + getRoadInfoList(routeNo mapping)
왕곡천 자전거길,cycleway,1,1128.35,1.128,no_match,no_match,,,,,,,,,OpenStreetMap Overpass bbox query,Gyeonggi OpenAPI getRoadTrafficInfoList + getRoadInfoList(routeNo mapping)
내손로,tertiary,2,1126.92,1.127,no_match,no_match,,,,,,,,,OpenStreetMap Overpass bbox query,Gyeonggi OpenAPI getRoadTrafficInfoList + getRoadInfoList(routeNo mapping)
부곡복지관길,residential,7,1080.51,1.081,no_match,no_match,,,,,,,,,OpenStreetMap Overpass bbox query,Gyeonggi OpenAPI getRoadTrafficInfoList + getRoadInfoList(routeNo mapping)
백운호수로,tertiary,6,1074.96,1.075,no_match,no_match,,,,,,,,,OpenStreetMap Overpass bbox query,Gyeonggi OpenAPI getRoadTrafficInfoList + getRoadInfoList(routeNo mapping)
백운안길,residential,3,1067.24,1.067,no_match,no_match,,,,,,,,,OpenStreetMap Overpass bbox query,Gyeonggi OpenAPI getRoadTrafficInfoList + getRoadInfoList(routeNo mapping)
뒷골길,unclassified,1,1033.82,1.034,no_match,no_match,,,,,,,,,OpenStreetMap Overpass bbox query,Gyeonggi OpenAPI getRoadTrafficInfoList + getRoadInfoList(routeNo mapping)
부곡중학길,residential,8,1002.94,1.003,no_match,no_match,,,,,,,,,OpenStreetMap Overpass bbox query,Gyeonggi OpenAPI getRoadTrafficInfoList + getRoadInfoList(routeNo mapping)
덕장로,tertiary,1,1000.7,1.001,no_match,no_match,,,,,,,,,OpenStreetMap Overpass bbox query,Gyeonggi OpenAPI getRoadTrafficInfoList + getRoadInfoList(routeNo mapping)
광진말로,residential,3,974.96,0.975,no_match,no_match,,,,,,,,,OpenStreetMap Overpass bbox query,Gyeonggi OpenAPI getRoadTrafficInfoList + getRoadInfoList(routeNo mapping)
계원대학로,tertiary,6,967.05,0.967,no_match,no_match,,,,,,,,,OpenStreetMap Overpass bbox query,Gyeonggi OpenAPI getRoadTrafficInfoList + getRoadInfoList(routeNo mapping)
월암길,residential,3,965.22,0.965,no_match,no_match,,,,,,,,,OpenStreetMap Overpass bbox query,Gyeonggi OpenAPI getRoadTrafficInfoList + getRoadInfoList(routeNo mapping)
벌모루길,residential,1,963.28,0.963,no_match,no_match,,,,,,,,,OpenStreetMap Overpass bbox query,Gyeonggi OpenAPI getRoadTrafficInfoList + getRoadInfoList(routeNo mapping)
맑은내1길,residential,1,959.99,0.96,no_match,no_match,,,,,,,,,OpenStreetMap Overpass bbox query,Gyeonggi OpenAPI getRoadTrafficInfoList + getRoadInfoList(routeNo mapping)
왕림길,residential,3,914.17,0.914,no_match,no_match,,,,,,,,,OpenStreetMap Overpass bbox query,Gyeonggi OpenAPI getRoadTrafficInfoList + getRoadInfoList(routeNo mapping)
백운중앙로,tertiary,5,912.7,0.913,no_match,no_match,,,,,,,,,OpenStreetMap Overpass bbox query,Gyeonggi OpenAPI getRoadTrafficInfoList + getRoadInfoList(routeNo mapping)
평의길,residential,2,894.56,0.895,no_match,no_match,,,,,,,,,OpenStreetMap Overpass bbox query,Gyeonggi OpenAPI getRoadTrafficInfoList + getRoadInfoList(routeNo mapping)
솔고개길,service,2,882.07,0.882,no_match,no_match,,,,,,,,,OpenStreetMap Overpass bbox query,Gyeonggi OpenAPI getRoadTrafficInfoList + getRoadInfoList(routeNo mapping)
청계천자전거길,cycleway,1,869.6,0.87,no_match,no_match,,,,,,,,,OpenStreetMap Overpass bbox query,Gyeonggi OpenAPI getRoadTrafficInfoList + getRoadInfoList(routeNo mapping)
대안사길,service,3,860.29,0.86,no_match,no_match,,,,,,,,,OpenStreetMap Overpass bbox query,Gyeonggi OpenAPI getRoadTrafficInfoList + getRoadInfoList(routeNo mapping)
홍치골길,residential,4,858.02,0.858,no_match,no_match,,,,,,,,,OpenStreetMap Overpass bbox query,Gyeonggi OpenAPI getRoadTrafficInfoList + getRoadInfoList(routeNo mapping)
갈미로,tertiary,2,853.45,0.853,no_match,no_match,,,,,,,,,OpenStreetMap Overpass bbox query,Gyeonggi OpenAPI getRoadTrafficInfoList + getRoadInfoList(routeNo mapping)
의왕군포로,tertiary,4,850.4,0.85,no_match,no_match,,,,,,,,,OpenStreetMap Overpass bbox query,Gyeonggi OpenAPI getRoadTrafficInfoList + getRoadInfoList(routeNo mapping)
부곡시장길,residential,6,828.75,0.829,no_match,no_match,,,,,,,,,OpenStreetMap Overpass bbox query,Gyeonggi OpenAPI getRoadTrafficInfoList + getRoadInfoList(routeNo mapping)
고산로211번길,tertiary,1,822.03,0.822,no_match,no_match,,,,,,,,,OpenStreetMap Overpass bbox query,Gyeonggi OpenAPI getRoadTrafficInfoList + getRoadInfoList(routeNo mapping)
내손중앙로,tertiary,3,804.93,0.805,no_match,no_match,,,,,,,,,OpenStreetMap Overpass bbox query,Gyeonggi OpenAPI getRoadTrafficInfoList + getRoadInfoList(routeNo mapping)
갈미1로,residential,2,796.67,0.797,no_match,no_match,,,,,,,,,OpenStreetMap Overpass bbox query,Gyeonggi OpenAPI getRoadTrafficInfoList + getRoadInfoList(routeNo mapping)
바라산로,tertiary,4,780.28,0.78,no_match,no_match,,,,,,,,,OpenStreetMap Overpass bbox query,Gyeonggi OpenAPI getRoadTrafficInfoList + getRoadInfoList(routeNo mapping)
아랫새우대길,residential,1,774.14,0.774,no_match,no_match,,,,,,,,,OpenStreetMap Overpass bbox query,Gyeonggi OpenAPI getRoadTrafficInfoList + getRoadInfoList(routeNo mapping)
새터길,residential,1,772.0,0.772,no_match,no_match,,,,,,,,,OpenStreetMap Overpass bbox query,Gyeonggi OpenAPI getRoadTrafficInfoList + getRoadInfoList(routeNo mapping)
입북로77번길,unclassified,1,763.12,0.763,no_match,no_match,,,,,,,,,OpenStreetMap Overpass bbox query,Gyeonggi OpenAPI getRoadTrafficInfoList + getRoadInfoList(routeNo mapping)
복합물류지하차도,tertiary,1,752.01,0.752,no_match,no_match,,,,,,,,,OpenStreetMap Overpass bbox query,Gyeonggi OpenAPI getRoadTrafficInfoList + getRoadInfoList(routeNo mapping)
부곡중앙로,tertiary,15,733.66,0.734,no_match,no_match,,,,,,,,,OpenStreetMap Overpass bbox query,Gyeonggi OpenAPI getRoadTrafficInfoList + getRoadInfoList(routeNo mapping)
새말길,residential,3,726.49,0.726,no_match,no_match,,,,,,,,,OpenStreetMap Overpass bbox query,Gyeonggi OpenAPI getRoadTrafficInfoList + getRoadInfoList(routeNo mapping)
흥안대로456번길,tertiary,1,725.74,0.726,no_match,no_match,,,,,,,,,OpenStreetMap Overpass bbox query,Gyeonggi OpenAPI getRoadTrafficInfoList + getRoadInfoList(routeNo mapping)
학의터널,secondary,2,724.88,0.725,no_match,no_match,,,,,,,,,OpenStreetMap Overpass bbox query,Gyeonggi OpenAPI getRoadTrafficInfoList + getRoadInfoList(routeNo mapping)
오전천로,tertiary,2,711.44,0.711,no_match,no_match,,,,,,,,,OpenStreetMap Overpass bbox query,Gyeonggi OpenAPI getRoadTrafficInfoList + getRoadInfoList(routeNo mapping)
장안로,tertiary,4,701.17,0.701,no_match,no_match,,,,,,,,,OpenStreetMap Overpass bbox query,Gyeonggi OpenAPI getRoadTrafficInfoList + getRoadInfoList(routeNo mapping)
수인로598번길,residential,1,686.64,0.687,no_match,no_match,,,,,,,,,OpenStreetMap Overpass bbox query,Gyeonggi OpenAPI getRoadTrafficInfoList + getRoadInfoList(routeNo mapping)
통미마을길,service,6,680.96,0.681,no_match,no_match,,,,,,,,,OpenStreetMap Overpass bbox query,Gyeonggi OpenAPI getRoadTrafficInfoList + getRoadInfoList(routeNo mapping)
의왕휴게소,services,2,674.61,0.675,no_match,no_match,,,,,,,,,OpenStreetMap Overpass bbox query,Gyeonggi OpenAPI getRoadTrafficInfoList + getRoadInfoList(routeNo mapping)
이당로,tertiary,1,673.22,0.673,no_match,no_match,,,,,,,,,OpenStreetMap Overpass bbox query,Gyeonggi OpenAPI getRoadTrafficInfoList + getRoadInfoList(routeNo mapping)
광진말1로,residential,2,671.59,0.672,no_match,no_match,,,,,,,,,OpenStreetMap Overpass bbox query,Gyeonggi OpenAPI getRoadTrafficInfoList + getRoadInfoList(routeNo mapping)
입북로59번길,unclassified,1,669.09,0.669,no_match,no_match,,,,,,,,,OpenStreetMap Overpass bbox query,Gyeonggi OpenAPI getRoadTrafficInfoList + getRoadInfoList(routeNo mapping)
모란길,residential,1,668.52,0.669,no_match,no_match,,,,,,,,,OpenStreetMap Overpass bbox query,Gyeonggi OpenAPI getRoadTrafficInfoList + getRoadInfoList(routeNo mapping)
위인로,residential,1,665.88,0.666,no_match,no_match,,,,,,,,,OpenStreetMap Overpass bbox query,Gyeonggi OpenAPI getRoadTrafficInfoList + getRoadInfoList(routeNo mapping)
솔고개길,residential,4,665.24,0.665,no_match,no_match,,,,,,,,,OpenStreetMap Overpass bbox query,Gyeonggi OpenAPI getRoadTrafficInfoList + getRoadInfoList(routeNo mapping)
가나무로,unclassified,1,663.41,0.663,no_match,no_match,,,,,,,,,OpenStreetMap Overpass bbox query,Gyeonggi OpenAPI getRoadTrafficInfoList + getRoadInfoList(routeNo mapping)
옻우물길,residential,2,662.66,0.663,no_match,no_match,,,,,,,,,OpenStreetMap Overpass bbox query,Gyeonggi OpenAPI getRoadTrafficInfoList + getRoadInfoList(routeNo mapping)
오봉산단3로,residential,4,658.4,0.658,no_match,no_match,,,,,,,,,OpenStreetMap Overpass bbox query,Gyeonggi OpenAPI getRoadTrafficInfoList + getRoadInfoList(routeNo mapping)
학현로,residential,2,653.95,0.654,no_match,no_match,,,,,,,,,OpenStreetMap Overpass bbox query,Gyeonggi OpenAPI getRoadTrafficInfoList + getRoadInfoList(routeNo mapping)
봇들로,residential,3,649.36,0.649,no_match,no_match,,,,,,,,,OpenStreetMap Overpass bbox query,Gyeonggi OpenAPI getRoadTrafficInfoList + getRoadInfoList(routeNo mapping)
효행로,residential,1,643.68,0.644,no_match,no_match,,,,,,,,,OpenStreetMap Overpass bbox query,Gyeonggi OpenAPI getRoadTrafficInfoList + getRoadInfoList(routeNo mapping)
고천공업로,unclassified,3,640.93,0.641,no_match,no_match,,,,,,,,,OpenStreetMap Overpass bbox query,Gyeonggi OpenAPI getRoadTrafficInfoList + getRoadInfoList(routeNo mapping)
괴말길,residential,3,633.3,0.633,no_match,no_match,,,,,,,,,OpenStreetMap Overpass bbox query,Gyeonggi OpenAPI getRoadTrafficInfoList + getRoadInfoList(routeNo mapping)
오봉산단1로,residential,6,629.45,0.629,no_match,no_match,,,,,,,,,OpenStreetMap Overpass bbox query,Gyeonggi OpenAPI getRoadTrafficInfoList + getRoadInfoList(routeNo mapping)
백운로,tertiary,3,624.58,0.625,no_match,no_match,,,,,,,,,OpenStreetMap Overpass bbox query,Gyeonggi OpenAPI getRoadTrafficInfoList + getRoadInfoList(routeNo mapping)
교동길,residential,3,620.04,0.62,no_match,no_match,,,,,,,,,OpenStreetMap Overpass bbox query,Gyeonggi OpenAPI getRoadTrafficInfoList + getRoadInfoList(routeNo mapping)
양지편1로,living_street,3,615.92,0.616,no_match,no_match,,,,,,,,,OpenStreetMap Overpass bbox query,Gyeonggi OpenAPI getRoadTrafficInfoList + getRoadInfoList(routeNo mapping)
왕송못동로,pedestrian,1,609.16,0.609,no_match,no_match,,,,,,,,,OpenStreetMap Overpass bbox query,Gyeonggi OpenAPI getRoadTrafficInfoList + getRoadInfoList(routeNo mapping)
청계천자전거3길,cycleway,1,604.26,0.604,no_match,no_match,,,,,,,,,OpenStreetMap Overpass bbox query,Gyeonggi OpenAPI getRoadTrafficInfoList + getRoadInfoList(routeNo mapping)
잿말길,residential,1,600.25,0.6,no_match,no_match,,,,,,,,,OpenStreetMap Overpass bbox query,Gyeonggi OpenAPI getRoadTrafficInfoList + getRoadInfoList(routeNo mapping)
흥안대로434번길,residential,1,596.19,0.596,no_match,no_match,,,,,,,,,OpenStreetMap Overpass bbox query,Gyeonggi OpenAPI getRoadTrafficInfoList + getRoadInfoList(routeNo mapping)
고래들길,residential,1,595.12,0.595,no_match,no_match,,,,,,,,,OpenStreetMap Overpass bbox query,Gyeonggi OpenAPI getRoadTrafficInfoList + getRoadInfoList(routeNo mapping)
호성로,residential,4,593.47,0.593,no_match,no_match,,,,,,,,,OpenStreetMap Overpass bbox query,Gyeonggi OpenAPI getRoadTrafficInfoList + getRoadInfoList(routeNo mapping)
매실길,path,1,592.59,0.593,no_match,no_match,,,,,,,,,OpenStreetMap Overpass bbox query,Gyeonggi OpenAPI getRoadTrafficInfoList + getRoadInfoList(routeNo mapping)
창말로,tertiary,3,588.74,0.589,no_match,no_match,,,,,,,,,OpenStreetMap Overpass bbox query,Gyeonggi OpenAPI getRoadTrafficInfoList + getRoadInfoList(routeNo mapping)
갈미2로,residential,1,580.19,0.58,no_match,no_match,,,,,,,,,OpenStreetMap Overpass bbox query,Gyeonggi OpenAPI getRoadTrafficInfoList + getRoadInfoList(routeNo mapping)
과천대로8길,tertiary,1,578.32,0.578,no_match,no_match,,,,,,,,,OpenStreetMap Overpass bbox query,Gyeonggi OpenAPI getRoadTrafficInfoList + getRoadInfoList(routeNo mapping)
부곡중앙남6길,residential,4,570.62,0.571,no_match,no_match,,,,,,,,,OpenStreetMap Overpass bbox query,Gyeonggi OpenAPI getRoadTrafficInfoList + getRoadInfoList(routeNo mapping)
골우물길,residential,2,560.38,0.56,no_match,no_match,,,,,,,,,OpenStreetMap Overpass bbox query,Gyeonggi OpenAPI getRoadTrafficInfoList + getRoadInfoList(routeNo mapping)
문화공원로,residential,2,553.73,0.554,no_match,no_match,,,,,,,,,OpenStreetMap Overpass bbox query,Gyeonggi OpenAPI getRoadTrafficInfoList + getRoadInfoList(routeNo mapping)
오전공업길,residential,2,553.04,0.553,no_match,no_match,,,,,,,,,OpenStreetMap Overpass bbox query,Gyeonggi OpenAPI getRoadTrafficInfoList + getRoadInfoList(routeNo mapping)
이미로,tertiary,1,551.41,0.551,no_match,no_match,,,,,,,,,OpenStreetMap Overpass bbox query,Gyeonggi OpenAPI getRoadTrafficInfoList + getRoadInfoList(routeNo mapping)
전주남이길,residential,1,549.42,0.549,no_match,no_match,,,,,,,,,OpenStreetMap Overpass bbox query,Gyeonggi OpenAPI getRoadTrafficInfoList + getRoadInfoList(routeNo mapping)
백운중앙로,residential,3,541.07,0.541,no_match,no_match,,,,,,,,,OpenStreetMap Overpass bbox query,Gyeonggi OpenAPI getRoadTrafficInfoList + getRoadInfoList(routeNo mapping)
천왕골길,residential,2,538.21,0.538,no_match,no_match,,,,,,,,,OpenStreetMap Overpass bbox query,Gyeonggi OpenAPI getRoadTrafficInfoList + getRoadInfoList(routeNo mapping)
새터말길,residential,2,528.66,0.529,no_match,no_match,,,,,,,,,OpenStreetMap Overpass bbox query,Gyeonggi OpenAPI getRoadTrafficInfoList + getRoadInfoList(routeNo mapping)
등칙골1길,residential,2,526.23,0.526,no_match,no_match,,,,,,,,,OpenStreetMap Overpass bbox query,Gyeonggi OpenAPI getRoadTrafficInfoList + getRoadInfoList(routeNo mapping)
부곡중앙남1길,residential,3,517.45,0.517,no_match,no_match,,,,,,,,,OpenStreetMap Overpass bbox query,Gyeonggi OpenAPI getRoadTrafficInfoList + getRoadInfoList(routeNo mapping)
백운중앙로4길,residential,2,497.22,0.497,no_match,no_match,,,,,,,,,OpenStreetMap Overpass bbox query,Gyeonggi OpenAPI getRoadTrafficInfoList + getRoadInfoList(routeNo mapping)
부곡초등3길,residential,4,482.58,0.483,no_match,no_match,,,,,,,,,OpenStreetMap Overpass bbox query,Gyeonggi OpenAPI getRoadTrafficInfoList + getRoadInfoList(routeNo mapping)
부곡중앙남7길,residential,3,473.77,0.474,no_match,no_match,,,,,,,,,OpenStreetMap Overpass bbox query,Gyeonggi OpenAPI getRoadTrafficInfoList + getRoadInfoList(routeNo mapping)
중앙샛길,residential,1,472.79,0.473,no_match,no_match,,,,,,,,,OpenStreetMap Overpass bbox query,Gyeonggi OpenAPI getRoadTrafficInfoList + getRoadInfoList(routeNo mapping)
산본로48번길,residential,1,472.46,0.472,no_match,no_match,,,,,,,,,OpenStreetMap Overpass bbox query,Gyeonggi OpenAPI getRoadTrafficInfoList + getRoadInfoList(routeNo mapping)
양지편로,residential,1,468.29,0.468,no_match,no_match,,,,,,,,,OpenStreetMap Overpass bbox query,Gyeonggi OpenAPI getRoadTrafficInfoList + getRoadInfoList(routeNo mapping)
묵배미길,residential,3,457.09,0.457,no_match,no_match,,,,,,,,,OpenStreetMap Overpass bbox query,Gyeonggi OpenAPI getRoadTrafficInfoList + getRoadInfoList(routeNo mapping)
장안중앙로,tertiary,6,456.46,0.456,no_match,no_match,,,,,,,,,OpenStreetMap Overpass bbox query,Gyeonggi OpenAPI getRoadTrafficInfoList + getRoadInfoList(routeNo mapping)
갈미3로,residential,1,452.6,0.453,no_match,no_match,,,,,,,,,OpenStreetMap Overpass bbox query,Gyeonggi OpenAPI getRoadTrafficInfoList + getRoadInfoList(routeNo mapping)
새터말아랫로,residential,8,452.1,0.452,no_match,no_match,,,,,,,,,OpenStreetMap Overpass bbox query,Gyeonggi OpenAPI getRoadTrafficInfoList + getRoadInfoList(routeNo mapping)
오매기중간길,residential,2,451.14,0.451,no_match,no_match,,,,,,,,,OpenStreetMap Overpass bbox query,Gyeonggi OpenAPI getRoadTrafficInfoList + getRoadInfoList(routeNo mapping)
현충탑길,residential,1,449.77,0.45,no_match,no_match,,,,,,,,,OpenStreetMap Overpass bbox query,Gyeonggi OpenAPI getRoadTrafficInfoList + getRoadInfoList(routeNo mapping)
까치골길,residential,5,445.65,0.446,no_match,no_match,,,,,,,,,OpenStreetMap Overpass bbox query,Gyeonggi OpenAPI getRoadTrafficInfoList + getRoadInfoList(routeNo mapping)
백운로,track,6,443.82,0.444,no_match,no_match,,,,,,,,,OpenStreetMap Overpass bbox query,Gyeonggi OpenAPI getRoadTrafficInfoList + getRoadInfoList(routeNo mapping)
벌새전리길,unclassified,1,442.11,0.442,no_match,no_match,,,,,,,,,OpenStreetMap Overpass bbox query,Gyeonggi OpenAPI getRoadTrafficInfoList + getRoadInfoList(routeNo mapping)
왕송못동로,residential,1,440.9,0.441,no_match,no_match,,,,,,,,,OpenStreetMap Overpass bbox query,Gyeonggi OpenAPI getRoadTrafficInfoList + getRoadInfoList(routeNo mapping)
사그내4길,residential,1,432.37,0.432,no_match,no_match,,,,,,,,,OpenStreetMap Overpass bbox query,Gyeonggi OpenAPI getRoadTrafficInfoList + getRoadInfoList(routeNo mapping)
보식골로,residential,1,429.77,0.43,no_match,no_match,,,,,,,,,OpenStreetMap Overpass bbox query,Gyeonggi OpenAPI getRoadTrafficInfoList + getRoadInfoList(routeNo mapping)
부곡중앙남3길,residential,5,429.22,0.429,no_match,no_match,,,,,,,,,OpenStreetMap Overpass bbox query,Gyeonggi OpenAPI getRoadTrafficInfoList + getRoadInfoList(routeNo mapping)
가구단지길,residential,3,426.33,0.426,no_match,no_match,,,,,,,,,OpenStreetMap Overpass bbox query,Gyeonggi OpenAPI getRoadTrafficInfoList + getRoadInfoList(routeNo mapping)
부곡중학북로,residential,2,426.3,0.426,no_match,no_match,,,,,,,,,OpenStreetMap Overpass bbox query,Gyeonggi OpenAPI getRoadTrafficInfoList + getRoadInfoList(routeNo mapping)
사나골길,residential,5,424.14,0.424,no_match,no_match,,,,,,,,,OpenStreetMap Overpass bbox query,Gyeonggi OpenAPI getRoadTrafficInfoList + getRoadInfoList(routeNo mapping)
새터말윗길,residential,1,418.67,0.419,no_match,no_match,,,,,,,,,OpenStreetMap Overpass bbox query,Gyeonggi OpenAPI getRoadTrafficInfoList + getRoadInfoList(routeNo mapping)
사그내길,residential,1,407.13,0.407,no_match,no_match,,,,,,,,,OpenStreetMap Overpass bbox query,Gyeonggi OpenAPI getRoadTrafficInfoList + getRoadInfoList(routeNo mapping)
금천말길,residential,1,403.51,0.404,no_match,no_match,,,,,,,,,OpenStreetMap Overpass bbox query,Gyeonggi OpenAPI getRoadTrafficInfoList + getRoadInfoList(routeNo mapping)
고산로105번길,unclassified,1,403.43,0.403,no_match,no_match,,,,,,,,,OpenStreetMap Overpass bbox query,Gyeonggi OpenAPI getRoadTrafficInfoList + getRoadInfoList(routeNo mapping)
별묘길,service,1,398.78,0.399,no_match,no_match,,,,,,,,,OpenStreetMap Overpass bbox query,Gyeonggi OpenAPI getRoadTrafficInfoList + getRoadInfoList(routeNo mapping)
포도원로,residential,1,398.39,0.398,no_match,no_match,,,,,,,,,OpenStreetMap Overpass bbox query,Gyeonggi OpenAPI getRoadTrafficInfoList + getRoadInfoList(routeNo mapping)
새터말아랫로,tertiary,1,395.88,0.396,no_match,no_match,,,,,,,,,OpenStreetMap Overpass bbox query,Gyeonggi OpenAPI getRoadTrafficInfoList + getRoadInfoList(routeNo mapping)
윗새우대북길,residential,1,389.25,0.389,no_match,no_match,,,,,,,,,OpenStreetMap Overpass bbox query,Gyeonggi OpenAPI getRoadTrafficInfoList + getRoadInfoList(routeNo mapping)
맑은내길,service,1,387.41,0.387,no_match,no_match,,,,,,,,,OpenStreetMap Overpass bbox query,Gyeonggi OpenAPI getRoadTrafficInfoList + getRoadInfoList(routeNo mapping)
청백리로,residential,3,385.94,0.386,no_match,no_match,,,,,,,,,OpenStreetMap Overpass bbox query,Gyeonggi OpenAPI getRoadTrafficInfoList + getRoadInfoList(routeNo mapping)
산들자전거1길,unclassified,1,385.31,0.385,no_match,no_match,,,,,,,,,OpenStreetMap Overpass bbox query,Gyeonggi OpenAPI getRoadTrafficInfoList + getRoadInfoList(routeNo mapping)
향촌길,residential,3,381.76,0.382,no_match,no_match,,,,,,,,,OpenStreetMap Overpass bbox query,Gyeonggi OpenAPI getRoadTrafficInfoList + getRoadInfoList(routeNo mapping)
부곡중앙로,residential,5,378.06,0.378,no_match,no_match,,,,,,,,,OpenStreetMap Overpass bbox query,Gyeonggi OpenAPI getRoadTrafficInfoList + getRoadInfoList(routeNo mapping)
원골로,tertiary,2,377.29,0.377,no_match,no_match,,,,,,,,,OpenStreetMap Overpass bbox query,Gyeonggi OpenAPI getRoadTrafficInfoList + getRoadInfoList(routeNo mapping)
손골길,residential,1,377.23,0.377,no_match,no_match,,,,,,,,,OpenStreetMap Overpass bbox query,Gyeonggi OpenAPI getRoadTrafficInfoList + getRoadInfoList(routeNo mapping)
안골로,tertiary,1,376.96,0.377,no_match,no_match,,,,,,,,,OpenStreetMap Overpass bbox query,Gyeonggi OpenAPI getRoadTrafficInfoList + getRoadInfoList(routeNo mapping)
봇들2길,residential,1,376.02,0.376,no_match,no_match,,,,,,,,,OpenStreetMap Overpass bbox query,Gyeonggi OpenAPI getRoadTrafficInfoList + getRoadInfoList(routeNo mapping)
오솔길,service,5,372.89,0.373,no_match,no_match,,,,,,,,,OpenStreetMap Overpass bbox query,Gyeonggi OpenAPI getRoadTrafficInfoList + getRoadInfoList(routeNo mapping)
중간새우대길,residential,1,370.27,0.37,no_match,no_match,,,,,,,,,OpenStreetMap Overpass bbox query,Gyeonggi OpenAPI getRoadTrafficInfoList + getRoadInfoList(routeNo mapping)
광진말안길,residential,4,365.67,0.366,no_match,no_match,,,,,,,,,OpenStreetMap Overpass bbox query,Gyeonggi OpenAPI getRoadTrafficInfoList + getRoadInfoList(routeNo mapping)
관양로,tertiary,1,356.52,0.357,no_match,no_match,,,,,,,,,OpenStreetMap Overpass bbox query,Gyeonggi OpenAPI getRoadTrafficInfoList + getRoadInfoList(routeNo mapping)
흥안대로414번길,residential,1,350.82,0.351,no_match,no_match,,,,,,,,,OpenStreetMap Overpass bbox query,Gyeonggi OpenAPI getRoadTrafficInfoList + getRoadInfoList(routeNo mapping)
바라산로,residential,1,348.32,0.348,no_match,no_match,,,,,,,,,OpenStreetMap Overpass bbox query,Gyeonggi OpenAPI getRoadTrafficInfoList + getRoadInfoList(routeNo mapping)
내손공원길,residential,1,343.97,0.344,no_match,no_match,,,,,,,,,OpenStreetMap Overpass bbox query,Gyeonggi OpenAPI getRoadTrafficInfoList + getRoadInfoList(routeNo mapping)
어내들로,tertiary,1,341.4,0.341,no_match,no_match,,,,,,,,,OpenStreetMap Overpass bbox query,Gyeonggi OpenAPI getRoadTrafficInfoList + getRoadInfoList(routeNo mapping)
장안남북로,residential,2,340.86,0.341,no_match,no_match,,,,,,,,,OpenStreetMap Overpass bbox query,Gyeonggi OpenAPI getRoadTrafficInfoList + getRoadInfoList(routeNo mapping)
내손중앙7길,living_street,1,340.76,0.341,no_match,no_match,,,,,,,,,OpenStreetMap Overpass bbox query,Gyeonggi OpenAPI getRoadTrafficInfoList + getRoadInfoList(routeNo mapping)
찬우물길,residential,1,340.2,0.34,no_match,no_match,,,,,,,,,OpenStreetMap Overpass bbox query,Gyeonggi OpenAPI getRoadTrafficInfoList + getRoadInfoList(routeNo mapping)
골사그내길,service,2,335.86,0.336,no_match,no_match,,,,,,,,,OpenStreetMap Overpass bbox query,Gyeonggi OpenAPI getRoadTrafficInfoList + getRoadInfoList(routeNo mapping)
왕송못동로,service,3,334.21,0.334,no_match,no_match,,,,,,,,,OpenStreetMap Overpass bbox query,Gyeonggi OpenAPI getRoadTrafficInfoList + getRoadInfoList(routeNo mapping)
행복마을3로,residential,4,334.0,0.334,no_match,no_match,,,,,,,,,OpenStreetMap Overpass bbox query,Gyeonggi OpenAPI getRoadTrafficInfoList + getRoadInfoList(routeNo mapping)
한밭들길,residential,1,333.57,0.334,no_match,no_match,,,,,,,,,OpenStreetMap Overpass bbox query,Gyeonggi OpenAPI getRoadTrafficInfoList + getRoadInfoList(routeNo mapping)
흥안대로362번길,residential,2,332.45,0.332,no_match,no_match,,,,,,,,,OpenStreetMap Overpass bbox query,Gyeonggi OpenAPI getRoadTrafficInfoList + getRoadInfoList(routeNo mapping)
등칙골길,residential,1,330.46,0.33,no_match,no_match,,,,,,,,,OpenStreetMap Overpass bbox query,Gyeonggi OpenAPI getRoadTrafficInfoList + getRoadInfoList(routeNo mapping)
부곡초등1길,residential,2,325.15,0.325,no_match,no_match,,,,,,,,,OpenStreetMap Overpass bbox query,Gyeonggi OpenAPI getRoadTrafficInfoList + getRoadInfoList(routeNo mapping)
새롬길,residential,1,323.59,0.324,no_match,no_match,,,,,,,,,OpenStreetMap Overpass bbox query,Gyeonggi OpenAPI getRoadTrafficInfoList + getRoadInfoList(routeNo mapping)
오전동길,residential,1,319.4,0.319,no_match,no_match,,,,,,,,,OpenStreetMap Overpass bbox query,Gyeonggi OpenAPI getRoadTrafficInfoList + getRoadInfoList(routeNo mapping)
솔밭길,residential,3,318.67,0.319,no_match,no_match,,,,,,,,,OpenStreetMap Overpass bbox query,Gyeonggi OpenAPI getRoadTrafficInfoList + getRoadInfoList(routeNo mapping)
사천2길,residential,1,317.93,0.318,no_match,no_match,,,,,,,,,OpenStreetMap Overpass bbox query,Gyeonggi OpenAPI getRoadTrafficInfoList + getRoadInfoList(routeNo mapping)
신장승길,residential,1,313.15,0.313,no_match,no_match,,,,,,,,,OpenStreetMap Overpass bbox query,Gyeonggi OpenAPI getRoadTrafficInfoList + getRoadInfoList(routeNo mapping)
산본로77번길,residential,1,310.47,0.31,no_match,no_match,,,,,,,,,OpenStreetMap Overpass bbox query,Gyeonggi OpenAPI getRoadTrafficInfoList + getRoadInfoList(routeNo mapping)
오리나무1길,residential,1,303.99,0.304,no_match,no_match,,,,,,,,,OpenStreetMap Overpass bbox query,Gyeonggi OpenAPI getRoadTrafficInfoList + getRoadInfoList(routeNo mapping)
부곡시장3길,residential,3,301.89,0.302,no_match,no_match,,,,,,,,,OpenStreetMap Overpass bbox query,Gyeonggi OpenAPI getRoadTrafficInfoList + getRoadInfoList(routeNo mapping)
청계1로,residential,2,299.38,0.299,no_match,no_match,,,,,,,,,OpenStreetMap Overpass bbox query,Gyeonggi OpenAPI getRoadTrafficInfoList + getRoadInfoList(routeNo mapping)
습지데크,footway,6,299.34,0.299,no_match,no_match,,,,,,,,,OpenStreetMap Overpass bbox query,Gyeonggi OpenAPI getRoadTrafficInfoList + getRoadInfoList(routeNo mapping)
가구단지길,tertiary,1,298.92,0.299,no_match,no_match,,,,,,,,,OpenStreetMap Overpass bbox query,Gyeonggi OpenAPI getRoadTrafficInfoList + getRoadInfoList(routeNo mapping)
부곡중앙북9길,residential,2,298.28,0.298,no_match,no_match,,,,,,,,,OpenStreetMap Overpass bbox query,Gyeonggi OpenAPI getRoadTrafficInfoList + getRoadInfoList(routeNo mapping)
금천말안길,residential,1,297.89,0.298,no_match,no_match,,,,,,,,,OpenStreetMap Overpass bbox query,Gyeonggi OpenAPI getRoadTrafficInfoList + getRoadInfoList(routeNo mapping)
정우길,residential,1,297.71,0.298,no_match,no_match,,,,,,,,,OpenStreetMap Overpass bbox query,Gyeonggi OpenAPI getRoadTrafficInfoList + getRoadInfoList(routeNo mapping)
왕곡로,residential,1,294.39,0.294,no_match,no_match,,,,,,,,,OpenStreetMap Overpass bbox query,Gyeonggi OpenAPI getRoadTrafficInfoList + getRoadInfoList(routeNo mapping)
전주남이2길,residential,1,292.77,0.293,no_match,no_match,,,,,,,,,OpenStreetMap Overpass bbox query,Gyeonggi OpenAPI getRoadTrafficInfoList + getRoadInfoList(routeNo mapping)
사그내1길,residential,1,292.66,0.293,no_match,no_match,,,,,,,,,OpenStreetMap Overpass bbox query,Gyeonggi OpenAPI getRoadTrafficInfoList + getRoadInfoList(routeNo mapping)
장안중앙로,residential,1,291.3,0.291,no_match,no_match,,,,,,,,,OpenStreetMap Overpass bbox query,Gyeonggi OpenAPI getRoadTrafficInfoList + getRoadInfoList(routeNo mapping)
원골로,residential,1,289.58,0.29,no_match,no_match,,,,,,,,,OpenStreetMap Overpass bbox query,Gyeonggi OpenAPI getRoadTrafficInfoList + getRoadInfoList(routeNo mapping)
오매기가운데말길,residential,1,287.55,0.288,no_match,no_match,,,,,,,,,OpenStreetMap Overpass bbox query,Gyeonggi OpenAPI getRoadTrafficInfoList + getRoadInfoList(routeNo mapping)
왕소나무길,tertiary,2,286.24,0.286,no_match,no_match,,,,,,,,,OpenStreetMap Overpass bbox query,Gyeonggi OpenAPI getRoadTrafficInfoList + getRoadInfoList(routeNo mapping)
정우1길,living_street,1,284.57,0.285,no_match,no_match,,,,,,,,,OpenStreetMap Overpass bbox query,Gyeonggi OpenAPI getRoadTrafficInfoList + getRoadInfoList(routeNo mapping)
찬우물1길,residential,1,279.78,0.28,no_match,no_match,,,,,,,,,OpenStreetMap Overpass bbox query,Gyeonggi OpenAPI getRoadTrafficInfoList + getRoadInfoList(routeNo mapping)
오리나무2길,residential,1,279.63,0.28,no_match,no_match,,,,,,,,,OpenStreetMap Overpass bbox query,Gyeonggi OpenAPI getRoadTrafficInfoList + getRoadInfoList(routeNo mapping)
큰벌고개길,residential,1,272.14,0.272,no_match,no_match,,,,,,,,,OpenStreetMap Overpass bbox query,Gyeonggi OpenAPI getRoadTrafficInfoList + getRoadInfoList(routeNo mapping)
봇들4길,residential,3,271.58,0.272,no_match,no_match,,,,,,,,,OpenStreetMap Overpass bbox query,Gyeonggi OpenAPI getRoadTrafficInfoList + getRoadInfoList(routeNo mapping)
약수터길,residential,1,271.16,0.271,no_match,no_match,,,,,,,,,OpenStreetMap Overpass bbox query,Gyeonggi OpenAPI getRoadTrafficInfoList + getRoadInfoList(routeNo mapping)
송마루길,residential,1,269.94,0.27,no_match,no_match,,,,,,,,,OpenStreetMap Overpass bbox query,Gyeonggi OpenAPI getRoadTrafficInfoList + getRoadInfoList(routeNo mapping)
오봉산길,residential,1,267.89,0.268,no_match,no_match,,,,,,,,,OpenStreetMap Overpass bbox query,Gyeonggi OpenAPI getRoadTrafficInfoList + getRoadInfoList(routeNo mapping)
민백길,residential,1,263.3,0.263,no_match,no_match,,,,,,,,,OpenStreetMap Overpass bbox query,Gyeonggi OpenAPI getRoadTrafficInfoList + getRoadInfoList(routeNo mapping)
한직골서길,residential,1,263.1,0.263,no_match,no_match,,,,,,,,,OpenStreetMap Overpass bbox query,Gyeonggi OpenAPI getRoadTrafficInfoList + getRoadInfoList(routeNo mapping)
부곡초등길,tertiary,1,261.53,0.262,no_match,no_match,,,,,,,,,OpenStreetMap Overpass bbox query,Gyeonggi OpenAPI getRoadTrafficInfoList + getRoadInfoList(routeNo mapping)
한직골남로,residential,1,259.41,0.259,no_match,no_match,,,,,,,,,OpenStreetMap Overpass bbox query,Gyeonggi OpenAPI getRoadTrafficInfoList + getRoadInfoList(routeNo mapping)
옥박골서길,living_street,1,256.52,0.257,no_match,no_match,,,,,,,,,OpenStreetMap Overpass bbox query,Gyeonggi OpenAPI getRoadTrafficInfoList + getRoadInfoList(routeNo mapping)
한직골길,residential,1,256.27,0.256,no_match,no_match,,,,,,,,,OpenStreetMap Overpass bbox query,Gyeonggi OpenAPI getRoadTrafficInfoList + getRoadInfoList(routeNo mapping)
부곡시장5길,residential,2,253.28,0.253,no_match,no_match,,,,,,,,,OpenStreetMap Overpass bbox query,Gyeonggi OpenAPI getRoadTrafficInfoList + getRoadInfoList(routeNo mapping)
찬우물3길,residential,1,253.28,0.253,no_match,no_match,,,,,,,,,OpenStreetMap Overpass bbox query,Gyeonggi OpenAPI getRoadTrafficInfoList + getRoadInfoList(routeNo mapping)
옥박골동길,residential,3,252.91,0.253,no_match,no_match,,,,,,,,,OpenStreetMap Overpass bbox query,Gyeonggi OpenAPI getRoadTrafficInfoList + getRoadInfoList(routeNo mapping)
골사그내길,residential,2,248.07,0.248,no_match,no_match,,,,,,,,,OpenStreetMap Overpass bbox query,Gyeonggi OpenAPI getRoadTrafficInfoList + getRoadInfoList(routeNo mapping)
사천로,tertiary,1,247.66,0.248,no_match,no_match,,,,,,,,,OpenStreetMap Overpass bbox query,Gyeonggi OpenAPI getRoadTrafficInfoList + getRoadInfoList(routeNo mapping)
고천길,residential,1,247.41,0.247,no_match,no_match,,,,,,,,,OpenStreetMap Overpass bbox query,Gyeonggi OpenAPI getRoadTrafficInfoList + getRoadInfoList(routeNo mapping)
등칙골5길,residential,1,246.52,0.247,no_match,no_match,,,,,,,,,OpenStreetMap Overpass bbox query,Gyeonggi OpenAPI getRoadTrafficInfoList + getRoadInfoList(routeNo mapping)
장안남북로1길,residential,2,245.54,0.246,no_match,no_match,,,,,,,,,OpenStreetMap Overpass bbox query,Gyeonggi OpenAPI getRoadTrafficInfoList + getRoadInfoList(routeNo mapping)
한밭들1길,service,1,243.81,0.244,no_match,no_match,,,,,,,,,OpenStreetMap Overpass bbox query,Gyeonggi OpenAPI getRoadTrafficInfoList + getRoadInfoList(routeNo mapping)
정우2길,living_street,1,241.59,0.242,no_match,no_match,,,,,,,,,OpenStreetMap Overpass bbox query,Gyeonggi OpenAPI getRoadTrafficInfoList + getRoadInfoList(routeNo mapping)
전주남이4길,residential,2,241.48,0.241,no_match,no_match,,,,,,,,,OpenStreetMap Overpass bbox query,Gyeonggi OpenAPI getRoadTrafficInfoList + getRoadInfoList(routeNo mapping)
부곡중앙남5길,residential,1,240.81,0.241,no_match,no_match,,,,,,,,,OpenStreetMap Overpass bbox query,Gyeonggi OpenAPI getRoadTrafficInfoList + getRoadInfoList(routeNo mapping)
부곡사길,unclassified,2,236.63,0.237,no_match,no_match,,,,,,,,,OpenStreetMap Overpass bbox query,Gyeonggi OpenAPI getRoadTrafficInfoList + getRoadInfoList(routeNo mapping)
까치골1길,residential,3,231.47,0.231,no_match,no_match,,,,,,,,,OpenStreetMap Overpass bbox query,Gyeonggi OpenAPI getRoadTrafficInfoList + getRoadInfoList(routeNo mapping)
갈미안로,tertiary,1,230.52,0.231,no_match,no_match,,,,,,,,,OpenStreetMap Overpass bbox query,Gyeonggi OpenAPI getRoadTrafficInfoList + getRoadInfoList(routeNo mapping)
창말윗길,residential,1,230.06,0.23,no_match,no_match,,,,,,,,,OpenStreetMap Overpass bbox query,Gyeonggi OpenAPI getRoadTrafficInfoList + getRoadInfoList(routeNo mapping)
월암새터마을길,service,1,223.38,0.223,no_match,no_match,,,,,,,,,OpenStreetMap Overpass bbox query,Gyeonggi OpenAPI getRoadTrafficInfoList + getRoadInfoList(routeNo mapping)
백운안1길,residential,1,223.36,0.223,no_match,no_match,,,,,,,,,OpenStreetMap Overpass bbox query,Gyeonggi OpenAPI getRoadTrafficInfoList + getRoadInfoList(routeNo mapping)
부곡초등2길,residential,2,218.47,0.218,no_match,no_match,,,,,,,,,OpenStreetMap Overpass bbox query,Gyeonggi OpenAPI getRoadTrafficInfoList + getRoadInfoList(routeNo mapping)
월암새터마을길,unclassified,2,217.47,0.217,no_match,no_match,,,,,,,,,OpenStreetMap Overpass bbox query,Gyeonggi OpenAPI getRoadTrafficInfoList + getRoadInfoList(routeNo mapping)
골잿말길,residential,1,214.02,0.214,no_match,no_match,,,,,,,,,OpenStreetMap Overpass bbox query,Gyeonggi OpenAPI getRoadTrafficInfoList + getRoadInfoList(routeNo mapping)
백운로,service,2,213.25,0.213,no_match,no_match,,,,,,,,,OpenStreetMap Overpass bbox query,Gyeonggi OpenAPI getRoadTrafficInfoList + getRoadInfoList(routeNo mapping)
봇들1로,residential,1,211.98,0.212,no_match,no_match,,,,,,,,,OpenStreetMap Overpass bbox query,Gyeonggi OpenAPI getRoadTrafficInfoList + getRoadInfoList(routeNo mapping)
오봉산단2로,residential,1,211.96,0.212,no_match,no_match,,,,,,,,,OpenStreetMap Overpass bbox query,Gyeonggi OpenAPI getRoadTrafficInfoList + getRoadInfoList(routeNo mapping)
양지편2로,residential,1,210.32,0.21,no_match,no_match,,,,,,,,,OpenStreetMap Overpass bbox query,Gyeonggi OpenAPI getRoadTrafficInfoList + getRoadInfoList(routeNo mapping)
백운호수로3길,residential,1,209.62,0.21,no_match,no_match,,,,,,,,,OpenStreetMap Overpass bbox query,Gyeonggi OpenAPI getRoadTrafficInfoList + getRoadInfoList(routeNo mapping)
부곡중앙남4길,residential,1,209.27,0.209,no_match,no_match,,,,,,,,,OpenStreetMap Overpass bbox query,Gyeonggi OpenAPI getRoadTrafficInfoList + getRoadInfoList(routeNo mapping)
모락로,residential,2,209.22,0.209,no_match,no_match,,,,,,,,,OpenStreetMap Overpass bbox query,Gyeonggi OpenAPI getRoadTrafficInfoList + getRoadInfoList(routeNo mapping)
골사그내길,living_street,1,208.02,0.208,no_match,no_match,,,,,,,,,OpenStreetMap Overpass bbox query,Gyeonggi OpenAPI getRoadTrafficInfoList + getRoadInfoList(routeNo mapping)
한백이길,residential,1,205.42,0.205,no_match,no_match,,,,,,,,,OpenStreetMap Overpass bbox query,Gyeonggi OpenAPI getRoadTrafficInfoList + getRoadInfoList(routeNo mapping)
부곡공원길,residential,1,204.3,0.204,no_match,no_match,,,,,,,,,OpenStreetMap Overpass bbox query,Gyeonggi OpenAPI getRoadTrafficInfoList + getRoadInfoList(routeNo mapping)
행복마을4길,residential,2,203.95,0.204,no_match,no_match,,,,,,,,,OpenStreetMap Overpass bbox query,Gyeonggi OpenAPI getRoadTrafficInfoList + getRoadInfoList(routeNo mapping)
백운호수로4길,residential,1,203.94,0.204,no_match,no_match,,,,,,,,,OpenStreetMap Overpass bbox query,Gyeonggi OpenAPI getRoadTrafficInfoList + getRoadInfoList(routeNo mapping)
부곡중앙북1길,residential,3,198.56,0.199,no_match,no_match,,,,,,,,,OpenStreetMap Overpass bbox query,Gyeonggi OpenAPI getRoadTrafficInfoList + getRoadInfoList(routeNo mapping)
당뿌리로,residential,1,193.64,0.194,no_match,no_match,,,,,,,,,OpenStreetMap Overpass bbox query,Gyeonggi OpenAPI getRoadTrafficInfoList + getRoadInfoList(routeNo mapping)
청계3로,residential,1,190.43,0.19,no_match,no_match,,,,,,,,,OpenStreetMap Overpass bbox query,Gyeonggi OpenAPI getRoadTrafficInfoList + getRoadInfoList(routeNo mapping)
사천1길,residential,1,189.87,0.19,no_match,no_match,,,,,,,,,OpenStreetMap Overpass bbox query,Gyeonggi OpenAPI getRoadTrafficInfoList + getRoadInfoList(routeNo mapping)
한밭들2길,service,1,188.7,0.189,no_match,no_match,,,,,,,,,OpenStreetMap Overpass bbox query,Gyeonggi OpenAPI getRoadTrafficInfoList + getRoadInfoList(routeNo mapping)
백운호수삼거리지하차도,tertiary,2,187.86,0.188,no_match,no_match,,,,,,,,,OpenStreetMap Overpass bbox query,Gyeonggi OpenAPI getRoadTrafficInfoList + getRoadInfoList(routeNo mapping)
부곡시장4길,residential,1,187.46,0.187,no_match,no_match,,,,,,,,,OpenStreetMap Overpass bbox query,Gyeonggi OpenAPI getRoadTrafficInfoList + getRoadInfoList(routeNo mapping)
봇들3길,residential,1,186.84,0.187,no_match,no_match,,,,,,,,,OpenStreetMap Overpass bbox query,Gyeonggi OpenAPI getRoadTrafficInfoList + getRoadInfoList(routeNo mapping)
백운호수로1길,residential,2,185.62,0.186,no_match,no_match,,,,,,,,,OpenStreetMap Overpass bbox query,Gyeonggi OpenAPI getRoadTrafficInfoList + getRoadInfoList(routeNo mapping)
등칙골3길,residential,1,182.65,0.183,no_match,no_match,,,,,,,,,OpenStreetMap Overpass bbox query,Gyeonggi OpenAPI getRoadTrafficInfoList + getRoadInfoList(routeNo mapping)
백운중앙로2길,residential,1,182.34,0.182,no_match,no_match,,,,,,,,,OpenStreetMap Overpass bbox query,Gyeonggi OpenAPI getRoadTrafficInfoList + getRoadInfoList(routeNo mapping)
찬우물4길,residential,1,180.86,0.181,no_match,no_match,,,,,,,,,OpenStreetMap Overpass bbox query,Gyeonggi OpenAPI getRoadTrafficInfoList + getRoadInfoList(routeNo mapping)
정우3길,living_street,1,179.16,0.179,no_match,no_match,,,,,,,,,OpenStreetMap Overpass bbox query,Gyeonggi OpenAPI getRoadTrafficInfoList + getRoadInfoList(routeNo mapping)
사그내2길,residential,1,178.27,0.178,no_match,no_match,,,,,,,,,OpenStreetMap Overpass bbox query,Gyeonggi OpenAPI getRoadTrafficInfoList + getRoadInfoList(routeNo mapping)
장승길,residential,2,177.67,0.178,no_match,no_match,,,,,,,,,OpenStreetMap Overpass bbox query,Gyeonggi OpenAPI getRoadTrafficInfoList + getRoadInfoList(routeNo mapping)
전주남이1길,residential,2,177.4,0.177,no_match,no_match,,,,,,,,,OpenStreetMap Overpass bbox query,Gyeonggi OpenAPI getRoadTrafficInfoList + getRoadInfoList(routeNo mapping)
시청중심5로,residential,1,176.17,0.176,no_match,no_match,,,,,,,,,OpenStreetMap Overpass bbox query,Gyeonggi OpenAPI getRoadTrafficInfoList + getRoadInfoList(routeNo mapping)
오리나무로,residential,1,173.92,0.174,no_match,no_match,,,,,,,,,OpenStreetMap Overpass bbox query,Gyeonggi OpenAPI getRoadTrafficInfoList + getRoadInfoList(routeNo mapping)
부곡시장2길,residential,1,171.06,0.171,no_match,no_match,,,,,,,,,OpenStreetMap Overpass bbox query,Gyeonggi OpenAPI getRoadTrafficInfoList + getRoadInfoList(routeNo mapping)
찬우물2길,residential,1,168.29,0.168,no_match,no_match,,,,,,,,,OpenStreetMap Overpass bbox query,Gyeonggi OpenAPI getRoadTrafficInfoList + getRoadInfoList(routeNo mapping)
백운호수로7길,residential,1,166.92,0.167,no_match,no_match,,,,,,,,,OpenStreetMap Overpass bbox query,Gyeonggi OpenAPI getRoadTrafficInfoList + getRoadInfoList(routeNo mapping)
부곡시장길,service,3,166.69,0.167,no_match,no_match,,,,,,,,,OpenStreetMap Overpass bbox query,Gyeonggi OpenAPI getRoadTrafficInfoList + getRoadInfoList(routeNo mapping)
경수대로391번길,unclassified,1,165.81,0.166,no_match,no_match,,,,,,,,,OpenStreetMap Overpass bbox query,Gyeonggi OpenAPI getRoadTrafficInfoList + getRoadInfoList(routeNo mapping)
내손공원1길,residential,1,164.88,0.165,no_match,no_match,,,,,,,,,OpenStreetMap Overpass bbox query,Gyeonggi OpenAPI getRoadTrafficInfoList + getRoadInfoList(routeNo mapping)
민백2길,residential,1,164.25,0.164,no_match,no_match,,,,,,,,,OpenStreetMap Overpass bbox query,Gyeonggi OpenAPI getRoadTrafficInfoList + getRoadInfoList(routeNo mapping)
백운초등길,residential,1,163.23,0.163,no_match,no_match,,,,,,,,,OpenStreetMap Overpass bbox query,Gyeonggi OpenAPI getRoadTrafficInfoList + getRoadInfoList(routeNo mapping)
사그내3길,residential,2,162.9,0.163,no_match,no_match,,,,,,,,,OpenStreetMap Overpass bbox query,Gyeonggi OpenAPI getRoadTrafficInfoList + getRoadInfoList(routeNo mapping)
이당로,unclassified,1,161.99,0.162,no_match,no_match,,,,,,,,,OpenStreetMap Overpass bbox query,Gyeonggi OpenAPI getRoadTrafficInfoList + getRoadInfoList(routeNo mapping)
정우4길,residential,1,160.5,0.161,no_match,no_match,,,,,,,,,OpenStreetMap Overpass bbox query,Gyeonggi OpenAPI getRoadTrafficInfoList + getRoadInfoList(routeNo mapping)
학현로,service,1,159.02,0.159,no_match,no_match,,,,,,,,,OpenStreetMap Overpass bbox query,Gyeonggi OpenAPI getRoadTrafficInfoList + getRoadInfoList(routeNo mapping)
행복마을로,residential,1,157.88,0.158,no_match,no_match,,,,,,,,,OpenStreetMap Overpass bbox query,Gyeonggi OpenAPI getRoadTrafficInfoList + getRoadInfoList(routeNo mapping)
백운호수로5길,residential,1,154.02,0.154,no_match,no_match,,,,,,,,,OpenStreetMap Overpass bbox query,Gyeonggi OpenAPI getRoadTrafficInfoList + getRoadInfoList(routeNo mapping)
백운안4길,residential,1,153.54,0.154,no_match,no_match,,,,,,,,,OpenStreetMap Overpass bbox query,Gyeonggi OpenAPI getRoadTrafficInfoList + getRoadInfoList(routeNo mapping)
부곡중앙남2길,residential,1,152.45,0.152,no_match,no_match,,,,,,,,,OpenStreetMap Overpass bbox query,Gyeonggi OpenAPI getRoadTrafficInfoList + getRoadInfoList(routeNo mapping)
백운중앙로3길,residential,1,150.9,0.151,no_match,no_match,,,,,,,,,OpenStreetMap Overpass bbox query,Gyeonggi OpenAPI getRoadTrafficInfoList + getRoadInfoList(routeNo mapping)
백운중앙로5길,residential,1,148.67,0.149,no_match,no_match,,,,,,,,,OpenStreetMap Overpass bbox query,Gyeonggi OpenAPI getRoadTrafficInfoList + getRoadInfoList(routeNo mapping)
백운중앙로6길,residential,1,147.28,0.147,no_match,no_match,,,,,,,,,OpenStreetMap Overpass bbox query,Gyeonggi OpenAPI getRoadTrafficInfoList + getRoadInfoList(routeNo mapping)
민백1길,residential,1,146.99,0.147,no_match,no_match,,,,,,,,,OpenStreetMap Overpass bbox query,Gyeonggi OpenAPI getRoadTrafficInfoList + getRoadInfoList(routeNo mapping)
시청중심로,residential,1,146.69,0.147,no_match,no_match,,,,,,,,,OpenStreetMap Overpass bbox query,Gyeonggi OpenAPI getRoadTrafficInfoList + getRoadInfoList(routeNo mapping)
백운중앙로7길,residential,2,146.01,0.146,no_match,no_match,,,,,,,,,OpenStreetMap Overpass bbox query,Gyeonggi OpenAPI getRoadTrafficInfoList + getRoadInfoList(routeNo mapping)
솔밭1길,service,1,143.77,0.144,no_match,no_match,,,,,,,,,OpenStreetMap Overpass bbox query,Gyeonggi OpenAPI getRoadTrafficInfoList + getRoadInfoList(routeNo mapping)
등칙골4길,residential,1,141.97,0.142,no_match,no_match,,,,,,,,,OpenStreetMap Overpass bbox query,Gyeonggi OpenAPI getRoadTrafficInfoList + getRoadInfoList(routeNo mapping)
장안로1길,residential,1,141.24,0.141,no_match,no_match,,,,,,,,,OpenStreetMap Overpass bbox query,Gyeonggi OpenAPI getRoadTrafficInfoList + getRoadInfoList(routeNo mapping)
내손중앙1길,living_street,1,139.12,0.139,no_match,no_match,,,,,,,,,OpenStreetMap Overpass bbox query,Gyeonggi OpenAPI getRoadTrafficInfoList + getRoadInfoList(routeNo mapping)
등칙골2길,residential,1,138.55,0.139,no_match,no_match,,,,,,,,,OpenStreetMap Overpass bbox query,Gyeonggi OpenAPI getRoadTrafficInfoList + getRoadInfoList(routeNo mapping)
부곡중앙북3길,residential,2,137.59,0.138,no_match,no_match,,,,,,,,,OpenStreetMap Overpass bbox query,Gyeonggi OpenAPI getRoadTrafficInfoList + getRoadInfoList(routeNo mapping)
내손공원2길,residential,1,136.62,0.137,no_match,no_match,,,,,,,,,OpenStreetMap Overpass bbox query,Gyeonggi OpenAPI getRoadTrafficInfoList + getRoadInfoList(routeNo mapping)
백운호수로2길,tertiary,1,136.22,0.136,no_match,no_match,,,,,,,,,OpenStreetMap Overpass bbox query,Gyeonggi OpenAPI getRoadTrafficInfoList + getRoadInfoList(routeNo mapping)
부곡초등3길,service,2,135.83,0.136,no_match,no_match,,,,,,,,,OpenStreetMap Overpass bbox query,Gyeonggi OpenAPI getRoadTrafficInfoList + getRoadInfoList(routeNo mapping)
전주남이3길,living_street,1,131.22,0.131,no_match,no_match,,,,,,,,,OpenStreetMap Overpass bbox query,Gyeonggi OpenAPI getRoadTrafficInfoList + getRoadInfoList(routeNo mapping)
양지편1로,residential,1,131.16,0.131,no_match,no_match,,,,,,,,,OpenStreetMap Overpass bbox query,Gyeonggi OpenAPI getRoadTrafficInfoList + getRoadInfoList(routeNo mapping)
부곡교,tertiary,2,128.93,0.129,no_match,no_match,,,,,,,,,OpenStreetMap Overpass bbox query,Gyeonggi OpenAPI getRoadTrafficInfoList + getRoadInfoList(routeNo mapping)
포도원로,tertiary,1,127.07,0.127,no_match,no_match,,,,,,,,,OpenStreetMap Overpass bbox query,Gyeonggi OpenAPI getRoadTrafficInfoList + getRoadInfoList(routeNo mapping)
바라365희망계단,steps,1,125.42,0.125,no_match,no_match,,,,,,,,,OpenStreetMap Overpass bbox query,Gyeonggi OpenAPI getRoadTrafficInfoList + getRoadInfoList(routeNo mapping)
솔밭길,service,3,124.66,0.125,no_match,no_match,,,,,,,,,OpenStreetMap Overpass bbox query,Gyeonggi OpenAPI getRoadTrafficInfoList + getRoadInfoList(routeNo mapping)
장안남북로5길,residential,2,122.33,0.122,no_match,no_match,,,,,,,,,OpenStreetMap Overpass bbox query,Gyeonggi OpenAPI getRoadTrafficInfoList + getRoadInfoList(routeNo mapping)
가나무로,tertiary_link,1,119.7,0.12,no_match,no_match,,,,,,,,,OpenStreetMap Overpass bbox query,Gyeonggi OpenAPI getRoadTrafficInfoList + getRoadInfoList(routeNo mapping)
부곡중앙북2길,residential,1,118.59,0.119,no_match,no_match,,,,,,,,,OpenStreetMap Overpass bbox query,Gyeonggi OpenAPI getRoadTrafficInfoList + getRoadInfoList(routeNo mapping)
오리나무3길,residential,1,114.34,0.114,no_match,no_match,,,,,,,,,OpenStreetMap Overpass bbox query,Gyeonggi OpenAPI getRoadTrafficInfoList + getRoadInfoList(routeNo mapping)
부곡시장1길,residential,2,113.92,0.114,no_match,no_match,,,,,,,,,OpenStreetMap Overpass bbox query,Gyeonggi OpenAPI getRoadTrafficInfoList + getRoadInfoList(routeNo mapping)
안골다리길,residential,1,113.32,0.113,no_match,no_match,,,,,,,,,OpenStreetMap Overpass bbox query,Gyeonggi OpenAPI getRoadTrafficInfoList + getRoadInfoList(routeNo mapping)
한남정맥,unclassified,1,113.23,0.113,no_match,no_match,,,,,,,,,OpenStreetMap Overpass bbox query,Gyeonggi OpenAPI getRoadTrafficInfoList + getRoadInfoList(routeNo mapping)
부곡시장1길,service,1,112.56,0.113,no_match,no_match,,,,,,,,,OpenStreetMap Overpass bbox query,Gyeonggi OpenAPI getRoadTrafficInfoList + getRoadInfoList(routeNo mapping)
광진말안3길,residential,1,110.84,0.111,no_match,no_match,,,,,,,,,OpenStreetMap Overpass bbox query,Gyeonggi OpenAPI getRoadTrafficInfoList + getRoadInfoList(routeNo mapping)
부곡초등길,service,1,109.83,0.11,no_match,no_match,,,,,,,,,OpenStreetMap Overpass bbox query,Gyeonggi OpenAPI getRoadTrafficInfoList + getRoadInfoList(routeNo mapping)
내손중앙2길,living_street,1,109.46,0.109,no_match,no_match,,,,,,,,,OpenStreetMap Overpass bbox query,Gyeonggi OpenAPI getRoadTrafficInfoList + getRoadInfoList(routeNo mapping)
백운중앙로1길,residential,1,109.28,0.109,no_match,no_match,,,,,,,,,OpenStreetMap Overpass bbox query,Gyeonggi OpenAPI getRoadTrafficInfoList + getRoadInfoList(routeNo mapping)
백운안3길,residential,1,108.0,0.108,no_match,no_match,,,,,,,,,OpenStreetMap Overpass bbox query,Gyeonggi OpenAPI getRoadTrafficInfoList + getRoadInfoList(routeNo mapping)
사근행궁길,residential,1,106.74,0.107,no_match,no_match,,,,,,,,,OpenStreetMap Overpass bbox query,Gyeonggi OpenAPI getRoadTrafficInfoList + getRoadInfoList(routeNo mapping)
백운안2길,residential,1,105.29,0.105,no_match,no_match,,,,,,,,,OpenStreetMap Overpass bbox query,Gyeonggi OpenAPI getRoadTrafficInfoList + getRoadInfoList(routeNo mapping)
시청중심4로,construction,1,105.14,0.105,no_match,no_match,,,,,,,,,OpenStreetMap Overpass bbox query,Gyeonggi OpenAPI getRoadTrafficInfoList + getRoadInfoList(routeNo mapping)
부곡초등3길,tertiary,2,105.04,0.105,no_match,no_match,,,,,,,,,OpenStreetMap Overpass bbox query,Gyeonggi OpenAPI getRoadTrafficInfoList + getRoadInfoList(routeNo mapping)
향촌길,service,1,103.59,0.104,no_match,no_match,,,,,,,,,OpenStreetMap Overpass bbox query,Gyeonggi OpenAPI getRoadTrafficInfoList + getRoadInfoList(routeNo mapping)
시청중심로,construction,1,101.04,0.101,no_match,no_match,,,,,,,,,OpenStreetMap Overpass bbox query,Gyeonggi OpenAPI getRoadTrafficInfoList + getRoadInfoList(routeNo mapping)
고래들길,service,1,98.85,0.099,no_match,no_match,,,,,,,,,OpenStreetMap Overpass bbox query,Gyeonggi OpenAPI getRoadTrafficInfoList + getRoadInfoList(routeNo mapping)
오리나무4길,residential,1,97.52,0.098,no_match,no_match,,,,,,,,,OpenStreetMap Overpass bbox query,Gyeonggi OpenAPI getRoadTrafficInfoList + getRoadInfoList(routeNo mapping)
시청중심4로,residential,1,95.93,0.096,no_match,no_match,,,,,,,,,OpenStreetMap Overpass bbox query,Gyeonggi OpenAPI getRoadTrafficInfoList + getRoadInfoList(routeNo mapping)
내손중앙5길,living_street,1,91.37,0.091,no_match,no_match,,,,,,,,,OpenStreetMap Overpass bbox query,Gyeonggi OpenAPI getRoadTrafficInfoList + getRoadInfoList(routeNo mapping)
의왕역회전교차로,tertiary,1,89.02,0.089,no_match,no_match,,,,,,,,,OpenStreetMap Overpass bbox query,Gyeonggi OpenAPI getRoadTrafficInfoList + getRoadInfoList(routeNo mapping)
별묘길,residential,1,88.65,0.089,no_match,no_match,,,,,,,,,OpenStreetMap Overpass bbox query,Gyeonggi OpenAPI getRoadTrafficInfoList + getRoadInfoList(routeNo mapping)
부곡초등2길,service,2,86.61,0.087,no_match,no_match,,,,,,,,,OpenStreetMap Overpass bbox query,Gyeonggi OpenAPI getRoadTrafficInfoList + getRoadInfoList(routeNo mapping)
백운호수로6길,residential,1,83.03,0.083,no_match,no_match,,,,,,,,,OpenStreetMap Overpass bbox query,Gyeonggi OpenAPI getRoadTrafficInfoList + getRoadInfoList(routeNo mapping)
광진말안2길,residential,1,78.41,0.078,no_match,no_match,,,,,,,,,OpenStreetMap Overpass bbox query,Gyeonggi OpenAPI getRoadTrafficInfoList + getRoadInfoList(routeNo mapping)
내손중앙3길,living_street,1,77.11,0.077,no_match,no_match,,,,,,,,,OpenStreetMap Overpass bbox query,Gyeonggi OpenAPI getRoadTrafficInfoList + getRoadInfoList(routeNo mapping)
부곡중학길,service,2,76.29,0.076,no_match,no_match,,,,,,,,,OpenStreetMap Overpass bbox query,Gyeonggi OpenAPI getRoadTrafficInfoList + getRoadInfoList(routeNo mapping)
장안남북로2길,residential,1,76.2,0.076,no_match,no_match,,,,,,,,,OpenStreetMap Overpass bbox query,Gyeonggi OpenAPI getRoadTrafficInfoList + getRoadInfoList(routeNo mapping)
장안남북로3길,residential,1,75.54,0.076,no_match,no_match,,,,,,,,,OpenStreetMap Overpass bbox query,Gyeonggi OpenAPI getRoadTrafficInfoList + getRoadInfoList(routeNo mapping)
장안남북로4길,residential,1,74.91,0.075,no_match,no_match,,,,,,,,,OpenStreetMap Overpass bbox query,Gyeonggi OpenAPI getRoadTrafficInfoList + getRoadInfoList(routeNo mapping)
부곡중앙로,service,1,69.04,0.069,no_match,no_match,,,,,,,,,OpenStreetMap Overpass bbox query,Gyeonggi OpenAPI getRoadTrafficInfoList + getRoadInfoList(routeNo mapping)
광진말안1길,residential,1,67.13,0.067,no_match,no_match,,,,,,,,,OpenStreetMap Overpass bbox query,Gyeonggi OpenAPI getRoadTrafficInfoList + getRoadInfoList(routeNo mapping)
장고개 구름다리,path,1,66.96,0.067,no_match,no_match,,,,,,,,,OpenStreetMap Overpass bbox query,Gyeonggi OpenAPI getRoadTrafficInfoList + getRoadInfoList(routeNo mapping)
한남정맥,steps,1,62.78,0.063,no_match,no_match,,,,,,,,,OpenStreetMap Overpass bbox query,Gyeonggi OpenAPI getRoadTrafficInfoList + getRoadInfoList(routeNo mapping)
모락터널,residential,1,55.37,0.055,no_match,no_match,,,,,,,,,OpenStreetMap Overpass bbox query,Gyeonggi OpenAPI getRoadTrafficInfoList + getRoadInfoList(routeNo mapping)
부곡중앙남6길,service,1,49.54,0.05,no_match,no_match,,,,,,,,,OpenStreetMap Overpass bbox query,Gyeonggi OpenAPI getRoadTrafficInfoList + getRoadInfoList(routeNo mapping)
옻우물교,residential,1,49.27,0.049,no_match,no_match,,,,,,,,,OpenStreetMap Overpass bbox query,Gyeonggi OpenAPI getRoadTrafficInfoList + getRoadInfoList(routeNo mapping)
철도박물관로,residential,1,47.88,0.048,no_match,no_match,,,,,,,,,OpenStreetMap Overpass bbox query,Gyeonggi OpenAPI getRoadTrafficInfoList + getRoadInfoList(routeNo mapping)
복합물류로,tertiary,1,43.97,0.044,no_match,no_match,,,,,,,,,OpenStreetMap Overpass bbox query,Gyeonggi OpenAPI getRoadTrafficInfoList + getRoadInfoList(routeNo mapping)
철도박물관로,service,1,43.21,0.043,no_match,no_match,,,,,,,,,OpenStreetMap Overpass bbox query,Gyeonggi OpenAPI getRoadTrafficInfoList + getRoadInfoList(routeNo mapping)
월암새터마을길,residential,1,43.08,0.043,no_match,no_match,,,,,,,,,OpenStreetMap Overpass bbox query,Gyeonggi OpenAPI getRoadTrafficInfoList + getRoadInfoList(routeNo mapping)
입북로77번길,residential,1,40.39,0.04,no_match,no_match,,,,,,,,,OpenStreetMap Overpass bbox query,Gyeonggi OpenAPI getRoadTrafficInfoList + getRoadInfoList(routeNo mapping)
학현터널,tertiary,1,39.73,0.04,no_match,no_match,,,,,,,,,OpenStreetMap Overpass bbox query,Gyeonggi OpenAPI getRoadTrafficInfoList + getRoadInfoList(routeNo mapping)
도룡마을길,residential,2,31.51,0.032,no_match,no_match,,,,,,,,,OpenStreetMap Overpass bbox query,Gyeonggi OpenAPI getRoadTrafficInfoList + getRoadInfoList(routeNo mapping)
고천3교,tertiary,1,25.76,0.026,no_match,no_match,,,,,,,,,OpenStreetMap Overpass bbox query,Gyeonggi OpenAPI getRoadTrafficInfoList + getRoadInfoList(routeNo mapping)
송부로,tertiary,1,20.84,0.021,no_match,no_match,,,,,,,,,OpenStreetMap Overpass bbox query,Gyeonggi OpenAPI getRoadTrafficInfoList + getRoadInfoList(routeNo mapping)
안양천 자전거도로,cycleway,2,20.64,0.021,no_match,no_match,,,,,,,,,OpenStreetMap Overpass bbox query,Gyeonggi OpenAPI getRoadTrafficInfoList + getRoadInfoList(routeNo mapping)
번영로28번길,tertiary,1,18.2,0.018,no_match,no_match,,,,,,,,,OpenStreetMap Overpass bbox query,Gyeonggi OpenAPI getRoadTrafficInfoList + getRoadInfoList(routeNo mapping)
